{"params": {"arch": "x86_64", "cpu": "Intel(R) Xeon(R) Platinum 8259CL CPU @ 2.50GHz", "machine": "asv machine", "num_cpu": "2", "os": "Linux 6.8.0-1009-aws", "ram": "8008632", "python": "3.12", "Cython": "", "build": "", "packaging": ""}, "results": {"bench_linalg.Eindot.time_dot_a_b": {"spread": 0.0007794999999999955, "mean": 0.08105305050048628, "params": []}, "bench_linalg.Eindot.time_dot_d_dot_b_c": {"spread": 3.6999999999999924e-05, "mean": 0.0017094746249313175, "params": []}, "bench_linalg.Eindot.time_dot_trans_a_at": {"spread": 0.00026400000000000035, "mean": 0.012965614999302488, "params": []}, "bench_linalg.Eindot.time_dot_trans_a_atc": {"spread": 0.000394499999999999, "mean": 0.02191766899977665, "params": []}, "bench_linalg.Eindot.time_dot_trans_at_a": {"spread": 0.00041949999999999973, "mean": 0.03712945650022448, "params": []}, "bench_linalg.Eindot.time_dot_trans_atc_a": {"spread": 0.001022499999999999, "mean": 0.0543479034995471, "params": []}, "bench_linalg.Eindot.time_einsum_i_ij_j": {"spread": 2.9500000000000012e-05, "mean": 0.01038538049942872, "params": []}, "bench_linalg.Eindot.time_einsum_ij_jk_a_b": {"spread": 0.054200000000000026, "mean": 1.2302386320006917, "params": []}, "bench_linalg.Eindot.time_einsum_ijk_jil_kl": {"spread": 0.0038000000000000256, "mean": 0.9638980965000883, "params": []}, "bench_linalg.Eindot.time_inner_trans_a_a": {"spread": 0.00021299999999999965, "mean": 0.013029333000304177, "params": []}, "bench_linalg.Eindot.time_inner_trans_a_ac": {"spread": 0.0004054999999999996, "mean": 0.022008252500199887, "params": []}, "bench_linalg.Eindot.time_matmul_a_b": {"spread": 0.0005109999999999976, "mean": 0.08075171899963607, "params": []}, "bench_linalg.Eindot.time_matmul_d_matmul_b_c": {"spread": 3.9650000000000015e-05, "mean": 0.0017243739375771838, "params": []}, "bench_linalg.Eindot.time_matmul_trans_a_at": {"spread": 0.0002704999999999999, "mean": 0.012372113001219986, "params": []}, "bench_linalg.Eindot.time_matmul_trans_a_atc": {"spread": 0.0003889999999999987, "mean": 0.021599185000013676, "params": []}, "bench_linalg.Eindot.time_matmul_trans_at_a": {"spread": 0.0006549999999999993, "mean": 0.034792566000760417, "params": []}, "bench_linalg.Eindot.time_matmul_trans_atc_a": {"spread": 0.0006605000000000014, "mean": 0.052326868499221746, "params": []}, "bench_linalg.Eindot.time_tensordot_a_b_axes_1_0_0_1": {"spread": 3.850000000000034e-05, "mean": 0.0356779080002525, "params": []}, "bench_linalg.Einsum.time_einsum_contig_contig": {"params": ["<class 'numpy.float32'>", "<class 'numpy.float64'>"], "mean": [0.00010850148057604369, 0.0001950071037702761], "spread": [7.899999999999975e-07, 2.46e-06]}, "bench_linalg.Einsum.time_einsum_contig_outstride0": {"params": ["<class 'numpy.float32'>", "<class 'numpy.float64'>"], "mean": [0.00011381437077821072, 0.0001991598207479121], "spread": [8.800000000000051e-07, 1.4449999999999972e-06]}, "bench_linalg.Einsum.time_einsum_mul": {"params": ["<class 'numpy.float32'>", "<class 'numpy.float64'>"], "mean": [0.0007346929332925356, 0.0005970198888765783], "spread": [3.2895000000000016e-05, 2.463999999999998e-05]}, "bench_linalg.Einsum.time_einsum_multiply": {"params": ["<class 'numpy.float32'>", "<class 'numpy.float64'>"], "mean": [5.016797317583086e-05, 5.563393215791863e-05], "spread": [2.0400000000000008e-07, 6.920000000000029e-07]}, "bench_linalg.Einsum.time_einsum_noncon_contig_contig": {"params": ["<class 'numpy.float32'>", "<class 'numpy.float64'>"], "mean": [2.5008935895903793e-05, 2.5719360575766797e-05], "spread": [5.899999999999893e-08, 6.000000000000112e-08]}, "bench_linalg.Einsum.time_einsum_noncon_contig_outstride0": {"params": ["<class 'numpy.float32'>", "<class 'numpy.float64'>"], "mean": [1.846230382006474e-05, 1.8712194928952526e-05], "spread": [9.050000000000023e-08, 1.2099999999999935e-07]}, "bench_linalg.Einsum.time_einsum_noncon_mul": {"params": ["<class 'numpy.float32'>", "<class 'numpy.float64'>"], "mean": [2.5878034692001976e-05, 2.4381191793355797e-05], "spread": [1.0700000000000084e-07, 1.1799999999999955e-07]}, "bench_linalg.Einsum.time_einsum_noncon_multiply": {"params": ["<class 'numpy.float32'>", "<class 'numpy.float64'>"], "mean": [6.677561111368507e-05, 9.039969748247291e-05], "spread": [6.309999999999945e-07, 1.0580000000000024e-06]}, "bench_linalg.Einsum.time_einsum_noncon_outer": {"params": ["<class 'numpy.float32'>", "<class 'numpy.float64'>"], "mean": [0.002423087299939652, 0.0047351720001339945], "spread": [8.344999999999989e-05, 0.00021605000000000018]}, "bench_linalg.Einsum.time_einsum_noncon_sum_mul": {"params": ["<class 'numpy.float32'>", "<class 'numpy.float64'>"], "mean": [6.475189129898964e-05, 4.420403278807677e-05], "spread": [2.624999999999996e-07, 7.489999999999991e-07]}, "bench_linalg.Einsum.time_einsum_noncon_sum_mul2": {"params": ["<class 'numpy.float32'>", "<class 'numpy.float64'>"], "mean": [6.663534355103796e-05, 4.488622916293631e-05], "spread": [6.445000000000037e-07, 6.970000000000003e-07]}, "bench_linalg.Einsum.time_einsum_outer": {"params": ["<class 'numpy.float32'>", "<class 'numpy.float64'>"], "mean": [0.012129753500630613, 0.025250654500268865], "spread": [0.0004805, 0.0002904999999999991]}, "bench_linalg.Einsum.time_einsum_sum_mul": {"params": ["<class 'numpy.float32'>", "<class 'numpy.float64'>"], "mean": [3.9378696044014175e-05, 3.4814620745719924e-05], "spread": [4.2449999999999907e-07, 1.8449999999999798e-07]}, "bench_linalg.Einsum.time_einsum_sum_mul2": {"params": ["<class 'numpy.float32'>", "<class 'numpy.float64'>"], "mean": [4.014789473693323e-05, 3.502701490003726e-05], "spread": [4.2399999999999797e-07, 1.8600000000000127e-07]}, "bench_linalg.LinAlgTransposeVdot.time_transpose": {"params": ["(32, 32)", "(64, 64)", "(128, 128)"], "mean": [7.537351849316533e-07, 7.561752965228305e-07, 7.575139970652169e-07], "spread": [1.2450000000000088e-09, 5.549999999999676e-10, 2.0600000000000065e-09]}, "bench_linalg.LinAlgTransposeVdot.time_vdot": {"params": ["(32, 32)", "(64, 64)", "(128, 128)"], "mean": [1.9170482827572945e-06, 5.4171912207522605e-06, 2.2238553432645994e-06], "spread": [6.24999999999994e-09, 8.750000000000128e-09, 3.900000000000081e-09]}, "bench_linalg.Linalg.time_det": {"params": ["'complex128'", "'complex64'", "'float32'", "'float64'", "'int16'", "'int32'", "'int64'"], "mean": [0.06624462099898665, 0.06967638549940602, 0.03062892949947127, 0.029800126000736782, 0.031344595499831485, 0.03132970800015755, 0.031901729999844974], "spread": [0.00038799999999999946, 0.0007624999999999993, 0.00010250000000000016, 0.00015249999999999986, 0.0001349999999999997, 0.00016549999999999898, 0.00015699999999999742]}, "bench_linalg.Linalg.time_pinv": {"params": ["'complex128'", "'complex64'", "'float32'", "'float64'", "'int16'", "'int32'", "'int64'"], "mean": [1.4144696524999745, 1.3141310834998876, 0.543098228999952, 0.5481992129989521, 0.5517574455006979, 0.5571264684995185, 0.55300339149926], "spread": [0.0013999999999999568, 0.0019500000000000073, 0.0012500000000000289, 0.0007049999999999557, 0.00041000000000002146, 0.001424999999999954, 0.0013500000000000179]}, "bench_linalg.Linalg.time_svd": {"params": ["'complex128'", "'complex64'", "'float32'", "'float64'", "'int16'", "'int32'", "'int64'"], "mean": [1.2451646045001326, 1.2517301260004388, 0.5152488659987284, 0.5093943719994058, 0.5145659759982664, 0.5170606780002345, 0.5179928729994572], "spread": [0.0011499999999999844, 0.0021499999999999853, 0.002124999999999988, 0.0005049999999999777, 0.0020000000000000018, 0.002145000000000008, 0.003049999999999997]}, "bench_linalg.LinalgNorm.time_norm": {"params": ["'int16'", "'float16'", "'int32'", "'float32'", "'int64'", "'float64'", "'complex64'", "'complex128'"], "mean": [0.001784349166428001, 0.0042261483337521595, 0.0017799411666601372, 0.0005374086315082661, 0.0017774950000178555, 0.0010566395500063662, 0.0020330281002316044, 0.002959056749659794],