{"params": {"arch": "x86_64", "cpu": "Intel(R) Xeon(R) Platinum 8259CL CPU @ 2.50GHz", "machine": "ip-172-31-25-34", "num_cpu": "2", "os": "Linux 6.8.0-1009-aws", "ram": "8008640", "python": "3.12", "Cython": "", "build": "", "packaging": ""}, "results": {"bench_linalg.Eindot.time_dot_a_b": {"spread": 0.0003499999999999892, "mean": 0.4404869184991185, "params": []}, "bench_linalg.Eindot.time_dot_d_dot_b_c": {"spread": 5.9000000000000025e-05, "mean": 0.0021798794167201168, "params": []}, "bench_linalg.Eindot.time_dot_trans_a_at": {"spread": 0.0002459999999999962, "mean": 0.06321297199974651, "params": []}, "bench_linalg.Eindot.time_dot_trans_a_atc": {"spread": 0.00046500000000000014, "mean": 0.11085923849987012, "params": []}, "bench_linalg.Eindot.time_dot_trans_at_a": {"spread": 0.0004799999999999943, "mean": 0.15794679999999062, "params": []}, "bench_linalg.Eindot.time_dot_trans_atc_a": {"spread": 0.0003650000000000042, "mean": 0.29574522500024614, "params": []}, "bench_linalg.Eindot.time_einsum_i_ij_j": {"spread": 3.2999999999999176e-05, "mean": 0.010408506000203488, "params": []}, "bench_linalg.Eindot.time_einsum_ij_jk_a_b": {"spread": 0.006550000000000056, "mean": 1.5267430649992093, "params": []}, "bench_linalg.Eindot.time_einsum_ijk_jil_kl": {"spread": 0.004630000000000023, "mean": 0.9650220670000635, "params": []}, "bench_linalg.Eindot.time_inner_trans_a_a": {"spread": 0.00022699999999999804, "mean": 0.06296688200018252, "params": []}, "bench_linalg.Eindot.time_inner_trans_a_ac": {"spread": 0.0003449999999999981, "mean": 0.11081448350068968, "params": []}, "bench_linalg.Eindot.time_matmul_a_b": {"spread": 0.0011550000000000171, "mean": 0.4388262610000311, "params": []}, "bench_linalg.Eindot.time_matmul_d_matmul_b_c": {"spread": 5.279999999999998e-05, "mean": 0.002172283333341814, "params": []}, "bench_linalg.Eindot.time_matmul_trans_a_at": {"spread": 0.0002385000000000026, "mean": 0.06260921499961114, "params": []}, "bench_linalg.Eindot.time_matmul_trans_a_atc": {"spread": 0.0002549999999999983, "mean": 0.11046418299974903, "params": []}, "bench_linalg.Eindot.time_matmul_trans_at_a": {"spread": 0.0007199999999999984, "mean": 0.154641110000739, "params": []}, "bench_linalg.Eindot.time_matmul_trans_atc_a": {"spread": 0.0005950000000000122, "mean": 0.29336256150054396, "params": []}, "bench_linalg.Eindot.time_tensordot_a_b_axes_1_0_0_1": {"spread": 0.0004464999999999955, "mean": 0.08068028050001885, "params": []}, "bench_linalg.Einsum.time_einsum_contig_contig": {"params": ["<class 'numpy.float32'>", "<class 'numpy.float64'>"], "mean": [0.00010884231188797592, 0.00019678053773394876], "spread": [6.400000000000006e-07, 2.37499999999999e-06]}, "bench_linalg.Einsum.time_einsum_contig_outstride0": {"params": ["<class 'numpy.float32'>", "<class 'numpy.float64'>"], "mean": [0.00011391889062413914, 0.0001983649090933878], "spread": [7.050000000000009e-07, 1.1549999999999983e-06]}, "bench_linalg.Einsum.time_einsum_mul": {"params": ["<class 'numpy.float32'>", "<class 'numpy.float64'>"], "mean": [0.0007425736666846205, 0.000597396777821915], "spread": [2.4609999999999996e-05, 2.6690000000000004e-05]}, "bench_linalg.Einsum.time_einsum_multiply": {"params": ["<class 'numpy.float32'>", "<class 'numpy.float64'>"], "mean": [5.023138164512387e-05, 5.7474204660360123e-05], "spread": [7.820000000000003e-07, 3.7400000000000015e-07]}, "bench_linalg.Einsum.time_einsum_noncon_contig_contig": {"params": ["<class 'numpy.float32'>", "<class 'numpy.float64'>"], "mean": [2.5295857646115646e-05, 2.6077031987938964e-05], "spread": [7.849999999999933e-08, 1.4649999999999936e-07]}, "bench_linalg.Einsum.time_einsum_noncon_contig_outstride0": {"params": ["<class 'numpy.float32'>", "<class 'numpy.float64'>"], "mean": [1.870077807038079e-05, 1.923223425769215e-05], "spread": [1.0100000000000124e-07, 1.2600000000000015e-07]}, "bench_linalg.Einsum.time_einsum_noncon_mul": {"params": ["<class 'numpy.float32'>", "<class 'numpy.float64'>"], "mean": [2.6702335766670855e-05, 2.5325945852554244e-05], "spread": [8.150000000000083e-08, 1.4050000000000145e-07]}, "bench_linalg.Einsum.time_einsum_noncon_multiply": {"params": ["<class 'numpy.float32'>", "<class 'numpy.float64'>"], "mean": [6.739294910735471e-05, 9.097212902757277e-05], "spread": [6.94500000000005e-07, 4.244999999999957e-07]}, "bench_linalg.Einsum.time_einsum_noncon_outer": {"params": ["<class 'numpy.float32'>", "<class 'numpy.float64'>"], "mean": [0.002625977400020929, 0.005932015500093257], "spread": [8.445000000000002e-05, 0.0003043999999999998]}, "bench_linalg.Einsum.time_einsum_noncon_sum_mul": {"params": ["<class 'numpy.float32'>", "<class 'numpy.float64'>"], "mean": [6.729045569471378e-05, 4.428160642477685e-05], "spread": [8.995000000000005e-07, 1.4949999999999916e-07]}, "bench_linalg.Einsum.time_einsum_noncon_sum_mul2": {"params": ["<class 'numpy.float32'>", "<class 'numpy.float64'>"], "mean": [6.763899692026668e-05, 4.448543824902476e-05], "spread": [8.214999999999988e-07, 3.9399999999999995e-07]}, "bench_linalg.Einsum.time_einsum_outer": {"params": ["<class 'numpy.float32'>", "<class 'numpy.float64'>"], "mean": [0.015260150000358408, 0.02854552050030179], "spread": [0.00021199999999999952, 0.000366]}, "bench_linalg.Einsum.time_einsum_sum_mul": {"params": ["<class 'numpy.float32'>", "<class 'numpy.float64'>"], "mean": [4.067054395728609e-05, 3.5460818768427125e-05], "spread": [4.4700000000000097e-07, 3.2599999999999993e-07]}, "bench_linalg.Einsum.time_einsum_sum_mul2": {"params": ["<class 'numpy.float32'>", "<class 'numpy.float64'>"], "mean": [4.0660372222326394e-05, 3.584197342647758e-05], "spread": [4.529999999999972e-07, 4.59999999999999e-07]}, "bench_linalg.LinAlgTransposeVdot.time_transpose": {"params": ["(32, 32)", "(64, 64)", "(128, 128)"], "mean": [7.700708356418884e-07, 7.781922122238227e-07, 7.746897836517218e-07], "spread": [3.0749999999999663e-09, 4.910000000000009e-09, 1.27499999999999e-09]}, "bench_linalg.LinAlgTransposeVdot.time_vdot": {"params": ["(32, 32)", "(64, 64)", "(128, 128)"], "mean": [1.912708893750664e-06, 5.4348338348893115e-06, 2.2455126326293273e-06], "spread": [4.049999999999987e-09, 1.4400000000000235e-08, 8.849999999999924e-09]}, "bench_linalg.Linalg.time_det": {"params": ["'complex128'", "'complex64'", "'float32'", "'float64'", "'int16'", "'int32'", "'int64'"], "mean": [0.3100114425005813, 0.31235520400059613, 0.07994688100006897, 0.07851047300027858, 0.08000934699975915, 0.08003584300058719, 0.08035638599994854], "spread": [0.0003100000000000047, 0.001495000000000024, 0.00010849999999999749, 9.499999999999786e-05, 0.00021350000000000535, 0.00017400000000000054, 0.00013149999999999967]}, "bench_linalg.Linalg.time_pinv": {"params": ["'complex128'", "'complex64'", "'float32'", "'float64'", "'int16'", "'int32'", "'int64'"], "mean": [4.6064932620001855, 4.202226616999724, 1.1210391125005117, 1.2080439510009455, 1.2113424019999002, 1.2126874160003354, 1.2129938064999806], "spread": [0.0010499999999997733, 0.0016500000000001513, 0.0022500000000000853, 0.002100000000000102, 0.0014499999999999513, 0.0013999999999999568, 0.0008000000000000229]}, "bench_linalg.Linalg.time_svd": {"params": ["'complex128'", "'complex64'", "'float32'", "'float64'", "'int16'", "'int32'", "'int64'"], "mean": [3.8145724710011564, 3.8184345134995965, 1.019627392000075, 1.014699782000207, 1.0208907489995909, 1.0209150105001754, 1.018370784000581], "spread": [0.0023999999999999577, 0.002850000000000019, 0.0010000000000000009, 0.0010000000000000009, 0.0010499999999999954, 0.0035000000000000586, 0.0020999999999999908]}, "bench_linalg.LinalgNorm.time_norm": {"params": ["'int16'", "'float16'", "'int32'", "'float32'", "'int64'", "'float64'", "'complex64'", "'complex128'"], "mean": [0.0017383314167697488, 0.004260345499763692, 0.001726929416842419, 0.0005479433157712552, 0.0017947980833620627, 0.001070015099958255, 0.002108251899880997, 0.0035647161248562043],