{"params": {"arch": "x86_64", "cpu": "Intel(R) Xeon(R) Platinum 8259CL CPU @ 2.50GHz", "machine": "asv machine", "num_cpu": "2", "os": "Linux 6.8.0-1009-aws", "ram": "8008632", "python": "3.12", "Cython": "", "build": "", "packaging": ""}, "results": {"bench_linalg.Eindot.time_dot_a_b": {"spread": 0.0008049999999999446, "mean": 0.5257232450012452, "params": []}, "bench_linalg.Eindot.time_dot_d_dot_b_c": {"spread": 1.9800000000000048e-05, "mean": 0.001921903214289549, "params": []}, "bench_linalg.Eindot.time_dot_trans_a_at": {"spread": 0.00036599999999999827, "mean": 0.06750208150060644, "params": []}, "bench_linalg.Eindot.time_dot_trans_a_atc": {"spread": 0.0004649999999999932, "mean": 0.132238984999276, "params": []}, "bench_linalg.Eindot.time_dot_trans_at_a": {"spread": 0.0007749999999999979, "mean": 0.1846404830002939, "params": []}, "bench_linalg.Eindot.time_dot_trans_atc_a": {"spread": 0.0023049999999999737, "mean": 0.35136645049897197, "params": []}, "bench_linalg.Eindot.time_einsum_i_ij_j": {"spread": 5.649999999999926e-05, "mean": 0.010310912000022654, "params": []}, "bench_linalg.Eindot.time_einsum_ij_jk_a_b": {"spread": 0.021649999999999947, "mean": 1.2884210275005898, "params": []}, "bench_linalg.Eindot.time_einsum_ijk_jil_kl": {"spread": 0.006745000000000001, "mean": 0.9685270300005868, "params": []}, "bench_linalg.Eindot.time_inner_trans_a_a": {"spread": 0.0005840000000000012, "mean": 0.06742829899940261, "params": []}, "bench_linalg.Eindot.time_inner_trans_a_ac": {"spread": 0.0005700000000000011, "mean": 0.1313158030006889, "params": []}, "bench_linalg.Eindot.time_matmul_a_b": {"spread": 0.0013200000000000434, "mean": 0.5250464430000648, "params": []}, "bench_linalg.Eindot.time_matmul_d_matmul_b_c": {"spread": 4.2350000000000027e-05, "mean": 0.0019432934285370201, "params": []}, "bench_linalg.Eindot.time_matmul_trans_a_at": {"spread": 0.0006255000000000011, "mean": 0.06736837000062224, "params": []}, "bench_linalg.Eindot.time_matmul_trans_a_atc": {"spread": 0.0002999999999999947, "mean": 0.13169543099957082, "params": []}, "bench_linalg.Eindot.time_matmul_trans_at_a": {"spread": 0.0008800000000000058, "mean": 0.18203905700011092, "params": []}, "bench_linalg.Eindot.time_matmul_trans_atc_a": {"spread": 0.0016999999999999793, "mean": 0.34814809650106326, "params": []}, "bench_linalg.Eindot.time_tensordot_a_b_axes_1_0_0_1": {"spread": 0.0010444999999999968, "mean": 0.09202125150022766, "params": []}, "bench_linalg.Einsum.time_einsum_contig_contig": {"params": ["<class 'numpy.float32'>", "<class 'numpy.float64'>"], "mean": [0.0001092056249945017, 0.00020225182075626194], "spread": [6.599999999999971e-07, 3.1100000000000024e-06]}, "bench_linalg.Einsum.time_einsum_contig_outstride0": {"params": ["<class 'numpy.float32'>", "<class 'numpy.float64'>"], "mean": [0.00011588307384871851, 0.00020011805455314143], "spread": [3.5499999999999914e-07, 3.250000000000079e-07]}, "bench_linalg.Einsum.time_einsum_mul": {"params": ["<class 'numpy.float32'>", "<class 'numpy.float64'>"], "mean": [0.0007446612856775962, 0.0005947876667151933], "spread": [3.240999999999997e-05, 2.5335000000000028e-05]}, "bench_linalg.Einsum.time_einsum_multiply": {"params": ["<class 'numpy.float32'>", "<class 'numpy.float64'>"], "mean": [5.1121476413102776e-05, 5.7625481579299575e-05], "spread": [3.8050000000000085e-07, 6.939999999999971e-07]}, "bench_linalg.Einsum.time_einsum_noncon_contig_contig": {"params": ["<class 'numpy.float32'>", "<class 'numpy.float64'>"], "mean": [2.618806024163706e-05, 2.6794473944874897e-05], "spread": [8.450000000000063e-08, 1.3749999999999995e-07]}, "bench_linalg.Einsum.time_einsum_noncon_contig_outstride0": {"params": ["<class 'numpy.float32'>", "<class 'numpy.float64'>"], "mean": [2.003949257599817e-05, 2.0167029795551882e-05], "spread": [5.149999999999942e-08, 8.700000000000103e-08]}, "bench_linalg.Einsum.time_einsum_noncon_mul": {"params": ["<class 'numpy.float32'>", "<class 'numpy.float64'>"], "mean": [2.7578678750614927e-05, 2.6058718671515806e-05], "spread": [2.640000000000012e-07, 1.9350000000000077e-07]}, "bench_linalg.Einsum.time_einsum_noncon_multiply": {"params": ["<class 'numpy.float32'>", "<class 'numpy.float64'>"], "mean": [6.78328687456542e-05, 9.099718219997959e-05], "spread": [6.490000000000001e-07, 1.0310000000000042e-06]}, "bench_linalg.Einsum.time_einsum_noncon_outer": {"params": ["<class 'numpy.float32'>", "<class 'numpy.float64'>"], "mean": [0.002420534900011262, 0.004603614499804583], "spread": [0.00011505, 0.0003083999999999999]}, "bench_linalg.Einsum.time_einsum_noncon_sum_mul": {"params": ["<class 'numpy.float32'>", "<class 'numpy.float64'>"], "mean": [6.895652812772823e-05, 4.57893059085669e-05], "spread": [4.3300000000000077e-07, 5.95999999999999e-07]}, "bench_linalg.Einsum.time_einsum_noncon_sum_mul2": {"params": ["<class 'numpy.float32'>", "<class 'numpy.float64'>"], "mean": [6.912601273455901e-05, 4.639709607437995e-05], "spread": [7.050000000000009e-07, 4.2949999999999987e-07]}, "bench_linalg.Einsum.time_einsum_outer": {"params": ["<class 'numpy.float32'>", "<class 'numpy.float64'>"], "mean": [0.012211806999403052, 0.02560494449971884], "spread": [0.00032450000000000014, 0.00023799999999999863]}, "bench_linalg.Einsum.time_einsum_sum_mul": {"params": ["<class 'numpy.float32'>", "<class 'numpy.float64'>"], "mean": [4.1652092453282335e-05, 3.6938945365381976e-05], "spread": [1.7000000000000007e-07, 3.5250000000000044e-07]}, "bench_linalg.Einsum.time_einsum_sum_mul2": {"params": ["<class 'numpy.float32'>", "<class 'numpy.float64'>"], "mean": [4.234742075668863e-05, 3.700029505408524e-05], "spread": [5.42999999999998e-07, 4.0200000000000056e-07]}, "bench_linalg.LinAlgTransposeVdot.time_transpose": {"params": ["(32, 32)", "(64, 64)", "(128, 128)"], "mean": [7.511490215794361e-07, 7.540500379089598e-07, 7.511572426079482e-07], "spread": [1.0900000000000184e-09, 1.0750000000000278e-09, 9.199999999999844e-10]}, "bench_linalg.LinAlgTransposeVdot.time_vdot": {"params": ["(32, 32)", "(64, 64)", "(128, 128)"], "mean": [1.929297210902943e-06, 5.439845232440752e-06, 2.248928070240339e-06], "spread": [9.500000000000078e-09, 1.1150000000000308e-08, 7.899999999999958e-09]}, "bench_linalg.Linalg.time_det": {"params": ["'complex128'", "'complex64'", "'float32'", "'float64'", "'int16'", "'int32'", "'int64'"], "mean": [0.3671592929995313, 0.3701531044998774, 0.09402735750063584, 0.0928419544998178, 0.09398970449910848, 0.09417025600032503, 0.09386696850015142], "spread": [0.0007299999999999807, 0.002145000000000008, 0.00029850000000000015, 0.0003584999999999977, 0.0004574999999999996, 0.00033600000000000296, 0.0005270000000000066]}, "bench_linalg.Linalg.time_pinv": {"params": ["'complex128'", "'complex64'", "'float32'", "'float64'", "'int16'", "'int32'", "'int64'"], "mean": [5.022148112500872, 4.633243223999671, 1.2118730869997307, 1.2973586749994865, 1.3038040555002226, 1.3005204599994613, 1.3021550860003117], "spread": [0.0049000000000001265, 0.002200000000000202, 0.0020999999999999908, 0.0010499999999999954, 0.0008500000000000174, 0.0016500000000000403, 0.0021499999999999853]}, "bench_linalg.Linalg.time_svd": {"params": ["'complex128'", "'complex64'", "'float32'", "'float64'", "'int16'", "'int32'", "'int64'"], "mean": [4.092516590999367, 4.09304817499924, 1.0645144605005044, 1.0617216085001928, 1.065388432501095, 1.0635936095004581, 1.0639242835004552], "spread": [0.002049999999999663, 0.0020999999999999908, 0.0021999999999999797, 0.0013999999999999568, 0.001100000000000101, 0.0009000000000000119, 0.0009500000000000064]}, "bench_linalg.LinalgNorm.time_norm": {"params": ["'int16'", "'float16'", "'int32'", "'float32'", "'int64'", "'float64'", "'complex64'", "'complex128'"], "mean": [0.0011275211000793205, 0.004220876833339085, 0.0011223053999856345, 0.0005696536111119915, 0.00119023144442407, 0.0010842279499229334, 0.0033419228332907855, 0.0031683159998010524],