{"params": {"arch": "x86_64", "cpu": "Intel(R) Xeon(R) Platinum 8259CL CPU @ 2.50GHz", "machine": "asv machine", "num_cpu": "2", "os": "Linux 6.8.0-1009-aws", "ram": "8008632", "python": "3.12", "Cython": "", "build": "", "packaging": ""}, "results": {"bench_linalg.Eindot.time_dot_a_b": {"spread": 0.0009750000000000036, "mean": 0.5502105525001753, "params": []}, "bench_linalg.Eindot.time_dot_d_dot_b_c": {"spread": 3.585000000000003e-05, "mean": 0.0019179197142875637, "params": []}, "bench_linalg.Eindot.time_dot_trans_a_at": {"spread": 0.00029749999999999915, "mean": 0.07063185399965732, "params": []}, "bench_linalg.Eindot.time_dot_trans_a_atc": {"spread": 0.0001850000000000046, "mean": 0.13835496150022664, "params": []}, "bench_linalg.Eindot.time_dot_trans_at_a": {"spread": 0.0005949999999999983, "mean": 0.1906256714992196, "params": []}, "bench_linalg.Eindot.time_dot_trans_atc_a": {"spread": 0.0015949999999999853, "mean": 0.3673765179992188, "params": []}, "bench_linalg.Eindot.time_einsum_i_ij_j": {"spread": 3.699999999999971e-05, "mean": 0.01028647750035816, "params": []}, "bench_linalg.Eindot.time_einsum_ij_jk_a_b": {"spread": 0.042850000000000055, "mean": 1.1944535989996439, "params": []}, "bench_linalg.Eindot.time_einsum_ijk_jil_kl": {"spread": 0.0036599999999999966, "mean": 0.9659909615002107, "params": []}, "bench_linalg.Eindot.time_inner_trans_a_a": {"spread": 5.7500000000001994e-05, "mean": 0.07094578950000141, "params": []}, "bench_linalg.Eindot.time_inner_trans_a_ac": {"spread": 0.0003500000000000031, "mean": 0.1365670079994743, "params": []}, "bench_linalg.Eindot.time_matmul_a_b": {"spread": 0.0010649999999999826, "mean": 0.5491184744996644, "params": []}, "bench_linalg.Eindot.time_matmul_d_matmul_b_c": {"spread": 1.1650000000000093e-05, "mean": 0.0019502662857381176, "params": []}, "bench_linalg.Eindot.time_matmul_trans_a_at": {"spread": 9.999999999999593e-05, "mean": 0.07050243399953615, "params": []}, "bench_linalg.Eindot.time_matmul_trans_a_atc": {"spread": 0.00032000000000000084, "mean": 0.13827848399978393, "params": []}, "bench_linalg.Eindot.time_matmul_trans_at_a": {"spread": 0.0005649999999999961, "mean": 0.18853613199917163, "params": []}, "bench_linalg.Eindot.time_matmul_trans_atc_a": {"spread": 0.0008900000000000019, "mean": 0.3640827254994292, "params": []}, "bench_linalg.Eindot.time_tensordot_a_b_axes_1_0_0_1": {"spread": 0.00027749999999999997, "mean": 0.09419314400020085, "params": []}, "bench_linalg.Einsum.time_einsum_contig_contig": {"params": ["<class 'numpy.float32'>", "<class 'numpy.float64'>"], "mean": [0.00010744294210637332, 0.00019457810908947562], "spread": [7.249999999999973e-07, 1.4499999999999946e-06]}, "bench_linalg.Einsum.time_einsum_contig_outstride0": {"params": ["<class 'numpy.float32'>", "<class 'numpy.float64'>"], "mean": [0.00011301713186764902, 0.0001972214134429333], "spread": [8.450000000000029e-07, 1.5700000000000002e-06]}, "bench_linalg.Einsum.time_einsum_mul": {"params": ["<class 'numpy.float32'>", "<class 'numpy.float64'>"], "mean": [0.0007408655999824986, 0.0005872097221981676], "spread": [3.694499999999998e-05, 2.4235e-05]}, "bench_linalg.Einsum.time_einsum_multiply": {"params": ["<class 'numpy.float32'>", "<class 'numpy.float64'>"], "mean": [5.036019999753862e-05, 5.58147925538775e-05], "spread": [3.8999999999999796e-07, 5.509999999999986e-07]}, "bench_linalg.Einsum.time_einsum_noncon_contig_contig": {"params": ["<class 'numpy.float32'>", "<class 'numpy.float64'>"], "mean": [2.4385850677666137e-05, 2.5064741860893096e-05], "spread": [6.249999999999983e-08, 1.1649999999999965e-07]}, "bench_linalg.Einsum.time_einsum_noncon_contig_outstride0": {"params": ["<class 'numpy.float32'>", "<class 'numpy.float64'>"], "mean": [1.85621223771342e-05, 1.8768300177601516e-05], "spread": [1.4499999999999946e-07, 1.0249999999999944e-07]}, "bench_linalg.Einsum.time_einsum_noncon_mul": {"params": ["<class 'numpy.float32'>", "<class 'numpy.float64'>"], "mean": [2.604590093360542e-05, 2.4458104025666165e-05], "spread": [1.1050000000000004e-07, 2.265000000000003e-07]}, "bench_linalg.Einsum.time_einsum_noncon_multiply": {"params": ["<class 'numpy.float32'>", "<class 'numpy.float64'>"], "mean": [6.707954012367904e-05, 8.935119262414596e-05], "spread": [7.909999999999997e-07, 8.709999999999989e-07]}, "bench_linalg.Einsum.time_einsum_noncon_outer": {"params": ["<class 'numpy.float32'>", "<class 'numpy.float64'>"], "mean": [0.0024364292001337164, 0.00482591950033869], "spread": [9.109999999999999e-05, 0.0002997500000000001]}, "bench_linalg.Einsum.time_einsum_noncon_sum_mul": {"params": ["<class 'numpy.float32'>", "<class 'numpy.float64'>"], "mean": [6.547622391724626e-05, 4.378658266271105e-05], "spread": [8.454999999999972e-07, 3.134999999999996e-07]}, "bench_linalg.Einsum.time_einsum_noncon_sum_mul2": {"params": ["<class 'numpy.float32'>", "<class 'numpy.float64'>"], "mean": [6.659722121460645e-05, 4.4694006072332784e-05], "spread": [3.5550000000000024e-07, 5.055000000000005e-07]}, "bench_linalg.Einsum.time_einsum_outer": {"params": ["<class 'numpy.float32'>", "<class 'numpy.float64'>"], "mean": [0.01200907600014034, 0.025642254499871342], "spread": [0.00016850000000000025, 0.00018349999999999964]}, "bench_linalg.Einsum.time_einsum_sum_mul": {"params": ["<class 'numpy.float32'>", "<class 'numpy.float64'>"], "mean": [3.9428867162431884e-05, 3.4628593059458105e-05], "spread": [4.0450000000000265e-07, 1.5399999999999886e-07]}, "bench_linalg.Einsum.time_einsum_sum_mul2": {"params": ["<class 'numpy.float32'>", "<class 'numpy.float64'>"], "mean": [4.076700368662007e-05, 3.504013754233408e-05], "spread": [4.2900000000000216e-07, 2.0050000000000257e-07]}, "bench_linalg.LinAlgTransposeVdot.time_transpose": {"params": ["(32, 32)", "(64, 64)", "(128, 128)"], "mean": [7.494750772544509e-07, 7.524661220519603e-07, 7.495165376218998e-07], "spread": [7.049999999999789e-10, 6.649999999999864e-10, 2.494999999999997e-09]}, "bench_linalg.LinAlgTransposeVdot.time_vdot": {"params": ["(32, 32)", "(64, 64)", "(128, 128)"], "mean": [1.9033264279308501e-06, 5.385937097418467e-06, 2.215606521995623e-06], "spread": [1.2750000000000005e-08, 1.254999999999999e-08, 3.399999999999832e-09]}, "bench_linalg.Linalg.time_det": {"params": ["'complex128'", "'complex64'", "'float32'", "'float64'", "'int16'", "'int32'", "'int64'"], "mean": [0.3525705040001412, 0.3550156720002633, 0.08965444050045335, 0.08822014800080069, 0.08967424650018074, 0.0898077635001755, 0.09005850799985637], "spread": [0.00043499999999999095, 0.00032999999999999696, 0.00029900000000000065, 0.00024049999999999766, 0.00010049999999999643, 0.00027249999999999497, 0.0001270000000000021]}, "bench_linalg.Linalg.time_pinv": {"params": ["'complex128'", "'complex64'", "'float32'", "'float64'", "'int16'", "'int32'", "'int64'"], "mean": [4.493720195000606, 3.92435696550001, 1.197225575999255, 1.3155451054999503, 1.3204477195004074, 1.3195631815005981, 1.318288418499833], "spread": [0.0008999999999996788, 0.0005999999999999339, 0.0008000000000000229, 0.0007000000000000339, 0.0015000000000000568, 0.0020000000000000018, 0.0014999999999999458]}, "bench_linalg.Linalg.time_svd": {"params": ["'complex128'", "'complex64'", "'float32'", "'float64'", "'int16'", "'int32'", "'int64'"], "mean": [3.5177782990003834, 3.521733556500294, 1.0817309515005036, 1.0763978565000798, 1.0798984310004016, 1.0804585654996117, 1.0816973219998545], "spread": [0.0010999999999998789, 0.0012499999999999734, 0.0007000000000000339, 0.0013000000000000789, 0.0020000000000000018, 0.0007500000000000284, 0.0020999999999999908]}, "bench_linalg.LinalgNorm.time_norm": {"params": ["'int16'", "'float16'", "'int32'", "'float32'", "'int64'", "'float64'", "'complex64'", "'complex128'"], "mean": [0.001072699099950114, 0.004222148333610676, 0.0010798007499943198, 0.0005666649722115835, 0.0011467342000287318, 0.0010276645500198354, 0.003339729666549829, 0.003227672000093662],