{"params": {"arch": "x86_64", "cpu": "Intel(R) Xeon(R) Platinum 8259CL CPU @ 2.50GHz", "machine": "asv machine", "num_cpu": "2", "os": "Linux 6.8.0-1009-aws", "ram": "8008632", "python": "3.12", "Cython": "", "build": "", "packaging": ""}, "results": {"bench_linalg.Eindot.time_dot_a_b": {"spread": 0.00019600000000000173, "mean": 0.0815024249986891, "params": []}, "bench_linalg.Eindot.time_dot_d_dot_b_c": {"spread": 4.2400000000000055e-05, "mean": 0.0016978342503080057, "params": []}, "bench_linalg.Eindot.time_dot_trans_a_at": {"spread": 0.0003075000000000005, "mean": 0.012937973999214591, "params": []}, "bench_linalg.Eindot.time_dot_trans_a_atc": {"spread": 0.0004494999999999985, "mean": 0.022261750000325264, "params": []}, "bench_linalg.Eindot.time_dot_trans_at_a": {"spread": 0.0003359999999999995, "mean": 0.03753782299827435, "params": []}, "bench_linalg.Eindot.time_dot_trans_atc_a": {"spread": 0.00029850000000000015, "mean": 0.05441874150164949, "params": []}, "bench_linalg.Eindot.time_einsum_i_ij_j": {"spread": 4.2999999999999636e-05, "mean": 0.010365649501181906, "params": []}, "bench_linalg.Eindot.time_einsum_ij_jk_a_b": {"spread": 0.06735000000000002, "mean": 1.3269921339997381, "params": []}, "bench_linalg.Eindot.time_einsum_ijk_jil_kl": {"spread": 0.006599999999999995, "mean": 0.9652932870012592, "params": []}, "bench_linalg.Eindot.time_inner_trans_a_a": {"spread": 0.0002354999999999996, "mean": 0.013176710499465116, "params": []}, "bench_linalg.Eindot.time_inner_trans_a_ac": {"spread": 0.0003765000000000001, "mean": 0.02212129250074213, "params": []}, "bench_linalg.Eindot.time_matmul_a_b": {"spread": 0.0002904999999999991, "mean": 0.08079443250062468, "params": []}, "bench_linalg.Eindot.time_matmul_d_matmul_b_c": {"spread": 3.990000000000005e-05, "mean": 0.0017290280625275045, "params": []}, "bench_linalg.Eindot.time_matmul_trans_a_at": {"spread": 0.00023199999999999957, "mean": 0.012532414501038147, "params": []}, "bench_linalg.Eindot.time_matmul_trans_a_atc": {"spread": 0.0003975000000000003, "mean": 0.021806708500662353, "params": []}, "bench_linalg.Eindot.time_matmul_trans_at_a": {"spread": 0.0005594999999999975, "mean": 0.035061960501479916, "params": []}, "bench_linalg.Eindot.time_matmul_trans_atc_a": {"spread": 0.0008004999999999991, "mean": 0.05227485850082303, "params": []}, "bench_linalg.Eindot.time_tensordot_a_b_axes_1_0_0_1": {"spread": 0.00011599999999999805, "mean": 0.03572383400023682, "params": []}, "bench_linalg.Einsum.time_einsum_contig_contig": {"params": ["<class 'numpy.float32'>", "<class 'numpy.float64'>"], "mean": [0.00010702514735289457, 0.00019700167275996962], "spread": [6.100000000000026e-07, 2.8899999999999944e-06]}, "bench_linalg.Einsum.time_einsum_contig_outstride0": {"params": ["<class 'numpy.float32'>", "<class 'numpy.float64'>"], "mean": [0.00011361065054354909, 0.00019727995193254453], "spread": [4.999999999999986e-07, 8.350000000000013e-07]}, "bench_linalg.Einsum.time_einsum_mul": {"params": ["<class 'numpy.float32'>", "<class 'numpy.float64'>"], "mean": [0.0007360083999325677, 0.0005887295000219536], "spread": [3.461500000000005e-05, 2.639500000000002e-05]}, "bench_linalg.Einsum.time_einsum_multiply": {"params": ["<class 'numpy.float32'>", "<class 'numpy.float64'>"], "mean": [5.001058133873803e-05, 5.630190151699788e-05], "spread": [4.644999999999987e-07, 4.969999999999988e-07]}, "bench_linalg.Einsum.time_einsum_noncon_contig_contig": {"params": ["<class 'numpy.float32'>", "<class 'numpy.float64'>"], "mean": [2.4575667816077775e-05, 2.512596153531637e-05], "spread": [6.449999999999913e-08, 6.349999999999863e-08]}, "bench_linalg.Einsum.time_einsum_noncon_contig_outstride0": {"params": ["<class 'numpy.float32'>", "<class 'numpy.float64'>"], "mean": [1.88390746885722e-05, 1.8950498222170164e-05], "spread": [9.050000000000023e-08, 1.2750000000000005e-07]}, "bench_linalg.Einsum.time_einsum_noncon_mul": {"params": ["<class 'numpy.float32'>", "<class 'numpy.float64'>"], "mean": [2.6115138960349958e-05, 2.4773255267813833e-05], "spread": [5.8499999999999525e-08, 1.8650000000000067e-07]}, "bench_linalg.Einsum.time_einsum_noncon_multiply": {"params": ["<class 'numpy.float32'>", "<class 'numpy.float64'>"], "mean": [6.682817646375708e-05, 8.916533470030178e-05], "spread": [1.0605000000000011e-06, 6.979999999999991e-07]}, "bench_linalg.Einsum.time_einsum_noncon_outer": {"params": ["<class 'numpy.float32'>", "<class 'numpy.float64'>"], "mean": [0.0024368016998778334, 0.004525357999834038], "spread": [0.00011850000000000012, 0.0002972500000000002]}, "bench_linalg.Einsum.time_einsum_noncon_sum_mul": {"params": ["<class 'numpy.float32'>", "<class 'numpy.float64'>"], "mean": [6.631852424602998e-05, 4.419808536157489e-05], "spread": [7.754999999999996e-07, 4.515000000000007e-07]}, "bench_linalg.Einsum.time_einsum_noncon_sum_mul2": {"params": ["<class 'numpy.float32'>", "<class 'numpy.float64'>"], "mean": [6.586531055279536e-05, 4.448268874515649e-05], "spread": [6.980000000000059e-07, 3.4599999999999974e-07]}, "bench_linalg.Einsum.time_einsum_outer": {"params": ["<class 'numpy.float32'>", "<class 'numpy.float64'>"], "mean": [0.012180589998024516, 0.025681472498035873], "spread": [0.0004454999999999997, 9.200000000000007e-05]}, "bench_linalg.Einsum.time_einsum_sum_mul": {"params": ["<class 'numpy.float32'>", "<class 'numpy.float64'>"], "mean": [3.961380754988817e-05, 3.486649206140086e-05], "spread": [1.2100000000000104e-07, 1.6449999999999817e-07]}, "bench_linalg.Einsum.time_einsum_sum_mul2": {"params": ["<class 'numpy.float32'>", "<class 'numpy.float64'>"], "mean": [3.991928597866773e-05, 3.509568269248867e-05], "spread": [2.259999999999975e-07, 3.4299999999999993e-07]}, "bench_linalg.LinAlgTransposeVdot.time_transpose": {"params": ["(32, 32)", "(64, 64)", "(128, 128)"], "mean": [7.686119583419555e-07, 7.696510956916229e-07, 7.689119148640424e-07], "spread": [3.859999999999983e-09, 5.51499999999998e-09, 4.835000000000003e-09]}, "bench_linalg.LinAlgTransposeVdot.time_vdot": {"params": ["(32, 32)", "(64, 64)", "(128, 128)"], "mean": [1.8966354697022246e-06, 5.418098545354187e-06, 2.2412576328000752e-06], "spread": [9.400000000000071e-09, 1.2349999999999975e-08, 1.1549999999999915e-08]}, "bench_linalg.Linalg.time_det": {"params": ["'complex128'", "'complex64'", "'float32'", "'float64'", "'int16'", "'int32'", "'int64'"], "mean": [0.06648367299931124, 0.07037869899795623, 0.0309877689996938, 0.02983289099938702, 0.03118172300128208, 0.03127765350109257, 0.03205631100172468], "spread": [0.00016750000000000098, 0.0009569999999999995, 7.550000000000091e-05, 0.0001250000000000001, 0.00016649999999999825, 0.00027600000000000194, 0.00024050000000000113]}, "bench_linalg.Linalg.time_pinv": {"params": ["'complex128'", "'complex64'", "'float32'", "'float64'", "'int16'", "'int32'", "'int64'"], "mean": [1.419499387498945, 1.3157068380005512, 0.5375942595001106, 0.5509707130022434, 0.5531172275004792, 0.5535854325007676, 0.5562158875018213], "spread": [0.0012499999999999734, 0.0022499999999999742, 0.0026900000000000257, 0.0006999999999999784, 0.0009100000000000219, 0.0005749999999999922, 0.0023299999999999987]}, "bench_linalg.Linalg.time_svd": {"params": ["'complex128'", "'complex64'", "'float32'", "'float64'", "'int16'", "'int32'", "'int64'"], "mean": [1.2497676679995493, 1.2495675299996947, 0.5130101779996039, 0.5114007080028387, 0.5123934835010004, 0.5120063519989344, 0.5131150420002086], "spread": [0.0012999999999999678, 0.00275000000000003, 0.0005350000000000077, 0.0006700000000000039, 0.00041999999999997595, 0.00042999999999998595, 0.0013199999999999878]}, "bench_linalg.LinalgNorm.time_norm": {"params": ["'int16'", "'float16'", "'int32'", "'float32'", "'int64'", "'float64'", "'complex64'", "'complex128'"], "mean": [0.0017949836665138719, 0.004217370166467542, 0.0017758275832117456, 0.0005398834473453462, 0.0017863280002832957, 0.001062515249941498, 0.0020327234000433237, 0.0028686820005532354],