{"params": {"arch": "x86_64", "cpu": "Intel(R) Xeon(R) Platinum 8259CL CPU @ 2.50GHz", "machine": "asv machine", "num_cpu": "2", "os": "Linux 6.8.0-1009-aws", "ram": "8008632", "python": "3.12", "Cython": "", "build": "", "packaging": ""}, "results": {"bench_linalg.Eindot.time_dot_a_b": {"spread": 0.0003750000000000142, "mean": 0.5510495709995666, "params": []}, "bench_linalg.Eindot.time_dot_d_dot_b_c": {"spread": 3.909999999999992e-05, "mean": 0.001932595785677092, "params": []}, "bench_linalg.Eindot.time_dot_trans_a_at": {"spread": 0.0006675000000000014, "mean": 0.07105924549978226, "params": []}, "bench_linalg.Eindot.time_dot_trans_a_atc": {"spread": 0.0008599999999999997, "mean": 0.13855707599941525, "params": []}, "bench_linalg.Eindot.time_dot_trans_at_a": {"spread": 0.0001699999999999896, "mean": 0.19133662750027725, "params": []}, "bench_linalg.Eindot.time_dot_trans_atc_a": {"spread": 0.0015199999999999936, "mean": 0.36803756000063004, "params": []}, "bench_linalg.Eindot.time_einsum_i_ij_j": {"spread": 3.0000000000000512e-05, "mean": 0.01030085000093095, "params": []}, "bench_linalg.Eindot.time_einsum_ij_jk_a_b": {"spread": 0.03534999999999999, "mean": 1.1837411324995628, "params": []}, "bench_linalg.Eindot.time_einsum_ijk_jil_kl": {"spread": 0.0047499999999999765, "mean": 0.9621261679994859, "params": []}, "bench_linalg.Eindot.time_inner_trans_a_a": {"spread": 0.000391499999999996, "mean": 0.07084292299987283, "params": []}, "bench_linalg.Eindot.time_inner_trans_a_ac": {"spread": 0.00020499999999999685, "mean": 0.13693244999922172, "params": []}, "bench_linalg.Eindot.time_matmul_a_b": {"spread": 0.0014699999999999713, "mean": 0.5495574505002878, "params": []}, "bench_linalg.Eindot.time_matmul_d_matmul_b_c": {"spread": 2.769999999999997e-05, "mean": 0.0019246652856444208, "params": []}, "bench_linalg.Eindot.time_matmul_trans_a_at": {"spread": 0.00020799999999999985, "mean": 0.0704685740001878, "params": []}, "bench_linalg.Eindot.time_matmul_trans_a_atc": {"spread": 0.0002999999999999947, "mean": 0.1378849769998851, "params": []}, "bench_linalg.Eindot.time_matmul_trans_at_a": {"spread": 0.0004149999999999987, "mean": 0.18903441450038372, "params": []}, "bench_linalg.Eindot.time_matmul_trans_atc_a": {"spread": 0.0013050000000000006, "mean": 0.36432997250085464, "params": []}, "bench_linalg.Eindot.time_tensordot_a_b_axes_1_0_0_1": {"spread": 0.00032000000000000084, "mean": 0.09419623550002143, "params": []}, "bench_linalg.Einsum.time_einsum_contig_contig": {"params": ["<class 'numpy.float32'>", "<class 'numpy.float64'>"], "mean": [0.00010949476767784677, 0.0001949049727376074], "spread": [9.150000000000006e-07, 3.1900000000000016e-06]}, "bench_linalg.Einsum.time_einsum_contig_outstride0": {"params": ["<class 'numpy.float32'>", "<class 'numpy.float64'>"], "mean": [0.00011389248935456829, 0.00019705015385905147], "spread": [4.800000000000022e-07, 1.5950000000000008e-06]}, "bench_linalg.Einsum.time_einsum_mul": {"params": ["<class 'numpy.float32'>", "<class 'numpy.float64'>"], "mean": [0.0007397615666680697, 0.0005897148332931263], "spread": [3.3790000000000014e-05, 2.9949999999999996e-05]}, "bench_linalg.Einsum.time_einsum_multiply": {"params": ["<class 'numpy.float32'>", "<class 'numpy.float64'>"], "mean": [5.116710189476271e-05, 5.623565206424809e-05], "spread": [2.0100000000000028e-07, 4.96e-07]}, "bench_linalg.Einsum.time_einsum_noncon_contig_contig": {"params": ["<class 'numpy.float32'>", "<class 'numpy.float64'>"], "mean": [2.528333373286811e-05, 2.5945371979782032e-05], "spread": [1.1349999999999985e-07, 6.500000000000022e-08]}, "bench_linalg.Einsum.time_einsum_noncon_contig_outstride0": {"params": ["<class 'numpy.float32'>", "<class 'numpy.float64'>"], "mean": [1.8807599136725283e-05, 1.890178583806602e-05], "spread": [6.600000000000072e-08, 1.4050000000000145e-07]}, "bench_linalg.Einsum.time_einsum_noncon_mul": {"params": ["<class 'numpy.float32'>", "<class 'numpy.float64'>"], "mean": [2.6244076455714977e-05, 2.4785106577429378e-05], "spread": [1.5850000000000026e-07, 2.625000000000013e-07]}, "bench_linalg.Einsum.time_einsum_noncon_multiply": {"params": ["<class 'numpy.float32'>", "<class 'numpy.float64'>"], "mean": [6.82493456774808e-05, 9.007409504147666e-05], "spread": [4.529999999999972e-07, 9.600000000000044e-07]}, "bench_linalg.Einsum.time_einsum_noncon_outer": {"params": ["<class 'numpy.float32'>", "<class 'numpy.float64'>"], "mean": [0.0024599009999292324, 0.004761301000144158], "spread": [0.00011114999999999996, 0.00021305000000000022]}, "bench_linalg.Einsum.time_einsum_noncon_sum_mul": {"params": ["<class 'numpy.float32'>", "<class 'numpy.float64'>"], "mean": [6.76309515146193e-05, 4.515589999773882e-05], "spread": [1.2879999999999985e-06, 6.064999999999983e-07]}, "bench_linalg.Einsum.time_einsum_noncon_sum_mul2": {"params": ["<class 'numpy.float32'>", "<class 'numpy.float64'>"], "mean": [6.871057453479253e-05, 4.4169074000819825e-05], "spread": [7.785000000000062e-07, 4.4900000000000197e-07]}, "bench_linalg.Einsum.time_einsum_outer": {"params": ["<class 'numpy.float32'>", "<class 'numpy.float64'>"], "mean": [0.01251522450002085, 0.02617901949906809], "spread": [0.0007000000000000001, 0.0006324999999999994]}, "bench_linalg.Einsum.time_einsum_sum_mul": {"params": ["<class 'numpy.float32'>", "<class 'numpy.float64'>"], "mean": [4.011612734021593e-05, 3.516363980344594e-05], "spread": [3.5449999999999805e-07, 3.4249999999999884e-07]}, "bench_linalg.Einsum.time_einsum_sum_mul2": {"params": ["<class 'numpy.float32'>", "<class 'numpy.float64'>"], "mean": [4.078166728430202e-05, 3.501262260974177e-05], "spread": [6.449999999999981e-07, 1.4949999999999916e-07]}, "bench_linalg.LinAlgTransposeVdot.time_transpose": {"params": ["(32, 32)", "(64, 64)", "(128, 128)"], "mean": [7.635006196212813e-07, 7.700587403859598e-07, 7.629008349795248e-07], "spread": [4.400000000000013e-09, 2.5350000000000422e-09, 6.21499999999998e-09]}, "bench_linalg.LinAlgTransposeVdot.time_vdot": {"params": ["(32, 32)", "(64, 64)", "(128, 128)"], "mean": [1.8974840600353344e-06, 5.393258219027595e-06, 2.2155988564895826e-06], "spread": [6.049999999999925e-09, 1.2699999999999895e-08, 1.530000000000009e-08]}, "bench_linalg.Linalg.time_det": {"params": ["'complex128'", "'complex64'", "'float32'", "'float64'", "'int16'", "'int32'", "'int64'"], "mean": [0.3531836444999499, 0.3537685280007281, 0.08972129250105354, 0.08832965000055992, 0.08975326250038052, 0.08997334300056536, 0.09019285200065497], "spread": [0.00035500000000002196, 0.0026599999999999957, 0.00039200000000000346, 0.00015849999999999892, 0.00037099999999999633, 0.00022449999999999554, 0.0003955]}, "bench_linalg.Linalg.time_pinv": {"params": ["'complex128'", "'complex64'", "'float32'", "'float64'", "'int16'", "'int32'", "'int64'"], "mean": [4.4943002670006535, 3.92784085150015, 1.1970169194992195, 1.3168974409991279, 1.3184224990000075, 1.3186779215002389, 1.318869396000082], "spread": [0.0011499999999999844, 0.001100000000000101, 0.0003500000000000725, 0.0020999999999999908, 0.002850000000000019, 0.0011500000000000954, 0.0008000000000000229]}, "bench_linalg.Linalg.time_svd": {"params": ["'complex128'", "'complex64'", "'float32'", "'float64'", "'int16'", "'int32'", "'int64'"], "mean": [3.519688991500516, 3.5217161139999007, 1.0797742314998686, 1.0761533739996594, 1.0783668900012344, 1.078417429000183, 1.0808154514998023], "spread": [0.0018499999999999073, 0.0023999999999999577, 0.0013499999999999623, 0.0015000000000000568, 0.0008000000000000229, 0.0018999999999999018, 0.0010000000000000009]}, "bench_linalg.LinalgNorm.time_norm": {"params": ["'int16'", "'float16'", "'int32'", "'float32'", "'int64'", "'float64'", "'complex64'", "'complex128'"], "mean": [0.0010755200999483351, 0.00421383149993441, 0.0010776761499982968, 0.0005681599722669893, 0.0011525105499458732, 0.0010228964500129222, 0.0033294802499312937, 0.003185846500173284],