{"params": {"arch": "x86_64", "cpu": "Intel(R) Xeon(R) Platinum 8259CL CPU @ 2.50GHz", "machine": "ip-172-31-25-34", "num_cpu": "2", "os": "Linux 6.8.0-1009-aws", "ram": "8008640", "python": "3.12", "Cython": "", "build": "", "packaging": ""}, "results": {"bench_linalg.Eindot.time_dot_a_b": {"spread": 0.0011349999999999971, "mean": 0.5499323470003219, "params": []}, "bench_linalg.Eindot.time_dot_d_dot_b_c": {"spread": 3.5349999999999965e-05, "mean": 0.002205573333412758, "params": []}, "bench_linalg.Eindot.time_dot_trans_a_at": {"spread": 0.0001759999999999956, "mean": 0.07100499650005077, "params": []}, "bench_linalg.Eindot.time_dot_trans_a_atc": {"spread": 0.0005099999999999966, "mean": 0.13872665950020746, "params": []}, "bench_linalg.Eindot.time_dot_trans_at_a": {"spread": 0.0014249999999999957, "mean": 0.19421001250066183, "params": []}, "bench_linalg.Eindot.time_dot_trans_atc_a": {"spread": 0.0013400000000000079, "mean": 0.3669307794998531, "params": []}, "bench_linalg.Eindot.time_einsum_i_ij_j": {"spread": 3.6500000000000074e-05, "mean": 0.01039677950029727, "params": []}, "bench_linalg.Eindot.time_einsum_ij_jk_a_b": {"spread": 0.014149999999999996, "mean": 1.5316801110002416, "params": []}, "bench_linalg.Eindot.time_einsum_ijk_jil_kl": {"spread": 0.007899999999999963, "mean": 0.9681846249995942, "params": []}, "bench_linalg.Eindot.time_inner_trans_a_a": {"spread": 0.00037500000000000033, "mean": 0.0711609630006933, "params": []}, "bench_linalg.Eindot.time_inner_trans_a_ac": {"spread": 0.0002299999999999941, "mean": 0.13697187150046375, "params": []}, "bench_linalg.Eindot.time_matmul_a_b": {"spread": 0.001684999999999992, "mean": 0.5487208069998815, "params": []}, "bench_linalg.Eindot.time_matmul_d_matmul_b_c": {"spread": 3.895000000000005e-05, "mean": 0.0022239909167183214, "params": []}, "bench_linalg.Eindot.time_matmul_trans_a_at": {"spread": 0.00010750000000000343, "mean": 0.0703331539998544, "params": []}, "bench_linalg.Eindot.time_matmul_trans_a_atc": {"spread": 0.0004749999999999893, "mean": 0.13877031700030784, "params": []}, "bench_linalg.Eindot.time_matmul_trans_at_a": {"spread": 0.0016450000000000076, "mean": 0.19005724799990276, "params": []}, "bench_linalg.Eindot.time_matmul_trans_atc_a": {"spread": 0.0006049999999999944, "mean": 0.36491717699937, "params": []}, "bench_linalg.Eindot.time_tensordot_a_b_axes_1_0_0_1": {"spread": 0.0002304999999999946, "mean": 0.09474634949947358, "params": []}, "bench_linalg.Einsum.time_einsum_contig_contig": {"params": ["<class 'numpy.float32'>", "<class 'numpy.float64'>"], "mean": [0.000109248872555398, 0.0001966206981070979], "spread": [9.500000000000028e-07, 2.589999999999987e-06]}, "bench_linalg.Einsum.time_einsum_contig_outstride0": {"params": ["<class 'numpy.float32'>", "<class 'numpy.float64'>"], "mean": [0.00011233203093576505, 0.00019993843396253586], "spread": [6.699999999999987e-07, 1.5600000000000054e-06]}, "bench_linalg.Einsum.time_einsum_mul": {"params": ["<class 'numpy.float32'>", "<class 'numpy.float64'>"], "mean": [0.000754919133275204, 0.0005975202777537764], "spread": [3.8124999999999964e-05, 2.5644999999999976e-05]}, "bench_linalg.Einsum.time_einsum_multiply": {"params": ["<class 'numpy.float32'>", "<class 'numpy.float64'>"], "mean": [5.0313815558587926e-05, 5.638087567530346e-05], "spread": [5.115000000000001e-07, 5.32000000000001e-07]}, "bench_linalg.Einsum.time_einsum_noncon_contig_contig": {"params": ["<class 'numpy.float32'>", "<class 'numpy.float64'>"], "mean": [2.5164430232063414e-05, 2.577785382818716e-05], "spread": [6.200000000000042e-08, 8.750000000000043e-08]}, "bench_linalg.Einsum.time_einsum_noncon_contig_outstride0": {"params": ["<class 'numpy.float32'>", "<class 'numpy.float64'>"], "mean": [1.8533473684600035e-05, 1.8665743903888717e-05], "spread": [8.200000000000023e-08, 1.1499999999999975e-07]}, "bench_linalg.Einsum.time_einsum_noncon_mul": {"params": ["<class 'numpy.float32'>", "<class 'numpy.float64'>"], "mean": [2.617444660095272e-05, 2.4756537295658402e-05], "spread": [2.565e-07, 2.45999999999999e-07]}, "bench_linalg.Einsum.time_einsum_noncon_multiply": {"params": ["<class 'numpy.float32'>", "<class 'numpy.float64'>"], "mean": [6.66705524660453e-05, 8.926974179735598e-05], "spread": [1.0060000000000036e-06, 9.720000000000036e-07]}, "bench_linalg.Einsum.time_einsum_noncon_outer": {"params": ["<class 'numpy.float32'>", "<class 'numpy.float64'>"], "mean": [0.0027287373000945084, 0.006075820500427653], "spread": [0.0001359, 0.0002696999999999999]}, "bench_linalg.Einsum.time_einsum_noncon_sum_mul": {"params": ["<class 'numpy.float32'>", "<class 'numpy.float64'>"], "mean": [6.55379462093347e-05, 4.432382652989223e-05], "spread": [2.0699999999999988e-07, 5.165000000000009e-07]}, "bench_linalg.Einsum.time_einsum_noncon_sum_mul2": {"params": ["<class 'numpy.float32'>", "<class 'numpy.float64'>"], "mean": [6.718127035001511e-05, 4.4248703998164276e-05], "spread": [6.384999999999974e-07, 2.2150000000000118e-07]}, "bench_linalg.Einsum.time_einsum_outer": {"params": ["<class 'numpy.float32'>", "<class 'numpy.float64'>"], "mean": [0.015271301500433765, 0.028751688500051387], "spread": [0.0002469999999999998, 0.0004469999999999995]}, "bench_linalg.Einsum.time_einsum_sum_mul": {"params": ["<class 'numpy.float32'>", "<class 'numpy.float64'>"], "mean": [3.9437505432468484e-05, 3.462074915899053e-05], "spread": [2.424999999999998e-07, 2.314999999999994e-07]}, "bench_linalg.Einsum.time_einsum_sum_mul2": {"params": ["<class 'numpy.float32'>", "<class 'numpy.float64'>"], "mean": [4.010321455342507e-05, 3.4888256366476254e-05], "spread": [8.825000000000004e-07, 2.639999999999995e-07]}, "bench_linalg.LinAlgTransposeVdot.time_transpose": {"params": ["(32, 32)", "(64, 64)", "(128, 128)"], "mean": [7.718424590868654e-07, 7.824729863185647e-07, 7.786479338850456e-07], "spread": [4.465000000000007e-09, 3.1449999999999928e-09, 6.084999999999991e-09]}, "bench_linalg.LinAlgTransposeVdot.time_vdot": {"params": ["(32, 32)", "(64, 64)", "(128, 128)"], "mean": [1.927279362219808e-06, 5.4075279979754805e-06, 2.236896799095094e-06], "spread": [7.499999999999928e-09, 9.700000000000093e-09, 7.399999999999921e-09]}, "bench_linalg.Linalg.time_det": {"params": ["'complex128'", "'complex64'", "'float32'", "'float64'", "'int16'", "'int32'", "'int64'"], "mean": [0.35481042850005906, 0.35597815200071636, 0.09111496199966496, 0.08935361100066075, 0.09067684700039536, 0.09016030200018577, 0.09140403049968882], "spread": [0.0007300000000000084, 0.002595000000000014, 0.00024300000000000016, 0.00018599999999999867, 0.000559999999999998, 0.0010054999999999994, 0.00015549999999999592]}, "bench_linalg.Linalg.time_pinv": {"params": ["'complex128'", "'complex64'", "'float32'", "'float64'", "'int16'", "'int32'", "'int64'"], "mean": [4.53586044199983, 3.9519726230000742, 1.2094701665000684, 1.3286482189996605, 1.331599793499663, 1.3329664344992125, 1.3325662674997147], "spread": [0.0017999999999998018, 0.0018000000000000238, 0.0018000000000000238, 0.0015000000000000568, 0.0010000000000000009, 0.0018500000000000183, 0.0023500000000000743]}, "bench_linalg.Linalg.time_svd": {"params": ["'complex128'", "'complex64'", "'float32'", "'float64'", "'int16'", "'int32'", "'int64'"], "mean": [3.553334468000685, 3.558217305000653, 1.0904939904994535, 1.0889338064989715, 1.0950058019998323, 1.0948848090001775, 1.0899263840001367], "spread": [0.0047999999999999154, 0.006349999999999856, 0.0027000000000000357, 0.0022499999999999742, 0.0010499999999999954, 0.0011499999999999844, 0.0024000000000000687]}, "bench_linalg.LinalgNorm.time_norm": {"params": ["'int16'", "'float16'", "'int32'", "'float32'", "'int64'", "'float64'", "'complex64'", "'complex128'"], "mean": [0.0010732489500696828, 0.004247333833518496, 0.0010757984499832674, 0.0005532227631575598, 0.001157292449988745, 0.0010506758500014256, 0.0034732289996100008, 0.004159499666760288],