{"params": {"arch": "x86_64", "cpu": "Intel(R) Xeon(R) Platinum 8259CL CPU @ 2.50GHz", "machine": "ip-172-31-25-34", "num_cpu": "2", "os": "Linux 6.8.0-1009-aws", "ram": "8008640", "python": "3.12", "Cython": "", "build": "", "packaging": ""}, "results": {"bench_linalg.Eindot.time_dot_a_b": {"spread": 0.0013299999999999979, "mean": 0.5507254735002789, "params": []}, "bench_linalg.Eindot.time_dot_d_dot_b_c": {"spread": 5.885000000000005e-05, "mean": 0.0021300484164991453, "params": []}, "bench_linalg.Eindot.time_dot_trans_a_at": {"spread": 0.0003074999999999953, "mean": 0.07100178350083297, "params": []}, "bench_linalg.Eindot.time_dot_trans_a_atc": {"spread": 0.00043999999999999595, "mean": 0.13926918399920396, "params": []}, "bench_linalg.Eindot.time_dot_trans_at_a": {"spread": 0.0015399999999999997, "mean": 0.1927145775007375, "params": []}, "bench_linalg.Eindot.time_dot_trans_atc_a": {"spread": 0.0015000000000000013, "mean": 0.3671852760007823, "params": []}, "bench_linalg.Eindot.time_einsum_i_ij_j": {"spread": 3.199999999999991e-05, "mean": 0.010418707999633625, "params": []}, "bench_linalg.Eindot.time_einsum_ij_jk_a_b": {"spread": 0.01959999999999995, "mean": 1.5315636755003652, "params": []}, "bench_linalg.Eindot.time_einsum_ijk_jil_kl": {"spread": 0.007400000000000018, "mean": 0.9682309640002131, "params": []}, "bench_linalg.Eindot.time_inner_trans_a_a": {"spread": 0.00028349999999999903, "mean": 0.07106241800011048, "params": []}, "bench_linalg.Eindot.time_inner_trans_a_ac": {"spread": 0.00027499999999999747, "mean": 0.13705229750030412, "params": []}, "bench_linalg.Eindot.time_matmul_a_b": {"spread": 0.0011700000000000044, "mean": 0.5504169575006017, "params": []}, "bench_linalg.Eindot.time_matmul_d_matmul_b_c": {"spread": 6.254999999999998e-05, "mean": 0.0020991432857044856, "params": []}, "bench_linalg.Eindot.time_matmul_trans_a_at": {"spread": 0.00019600000000000173, "mean": 0.07081661649954185, "params": []}, "bench_linalg.Eindot.time_matmul_trans_a_atc": {"spread": 0.00026500000000000135, "mean": 0.1379868575004366, "params": []}, "bench_linalg.Eindot.time_matmul_trans_at_a": {"spread": 0.0012800000000000034, "mean": 0.1907034255009421, "params": []}, "bench_linalg.Eindot.time_matmul_trans_atc_a": {"spread": 0.0008849999999999969, "mean": 0.3642331789997115, "params": []}, "bench_linalg.Eindot.time_tensordot_a_b_axes_1_0_0_1": {"spread": 0.00021000000000000185, "mean": 0.09496400350053591, "params": []}, "bench_linalg.Einsum.time_einsum_contig_contig": {"params": ["<class 'numpy.float32'>", "<class 'numpy.float64'>"], "mean": [0.00010962492718674396, 0.00019448128301210435], "spread": [1.2849999999999987e-06, 2.7300000000000094e-06]}, "bench_linalg.Einsum.time_einsum_contig_outstride0": {"params": ["<class 'numpy.float32'>", "<class 'numpy.float64'>"], "mean": [0.00011208718687424088, 0.00019791511606724398], "spread": [9.550000000000002e-07, 1.955000000000004e-06]}, "bench_linalg.Einsum.time_einsum_mul": {"params": ["<class 'numpy.float32'>", "<class 'numpy.float64'>"], "mean": [0.0007593579667324472, 0.0005981616666556671], "spread": [2.980000000000002e-05, 2.5695000000000004e-05]}, "bench_linalg.Einsum.time_einsum_multiply": {"params": ["<class 'numpy.float32'>", "<class 'numpy.float64'>"], "mean": [5.012673953514909e-05, 5.565859090197859e-05], "spread": [2.350000000000003e-07, 7.894999999999998e-07]}, "bench_linalg.Einsum.time_einsum_noncon_contig_contig": {"params": ["<class 'numpy.float32'>", "<class 'numpy.float64'>"], "mean": [2.483749095184507e-05, 2.5330395539572127e-05], "spread": [7.299999999999913e-08, 1.0850000000000074e-07]}, "bench_linalg.Einsum.time_einsum_noncon_contig_outstride0": {"params": ["<class 'numpy.float32'>", "<class 'numpy.float64'>"], "mean": [1.877510173906795e-05, 1.9167398524278283e-05], "spread": [5.299999999999932e-08, 1.3699999999999886e-07]}, "bench_linalg.Einsum.time_einsum_noncon_mul": {"params": ["<class 'numpy.float32'>", "<class 'numpy.float64'>"], "mean": [2.6160282143228824e-05, 2.486233747023306e-05], "spread": [1.2300000000000035e-07, 2.0899999999999918e-07]}, "bench_linalg.Einsum.time_einsum_noncon_multiply": {"params": ["<class 'numpy.float32'>", "<class 'numpy.float64'>"], "mean": [6.721899050222141e-05, 8.958319918244483e-05], "spread": [5.255000000000003e-07, 9.299999999999996e-07]}, "bench_linalg.Einsum.time_einsum_noncon_outer": {"params": ["<class 'numpy.float32'>", "<class 'numpy.float64'>"], "mean": [0.0026822083997103618, 0.006045791499673214], "spread": [0.00014054999999999992, 0.0002995000000000003]}, "bench_linalg.Einsum.time_einsum_noncon_sum_mul": {"params": ["<class 'numpy.float32'>", "<class 'numpy.float64'>"], "mean": [6.615850303536388e-05, 4.447679116511502e-05], "spread": [1.0895000000000037e-06, 4.740000000000026e-07]}, "bench_linalg.Einsum.time_einsum_noncon_sum_mul2": {"params": ["<class 'numpy.float32'>", "<class 'numpy.float64'>"], "mean": [6.742760302916973e-05, 4.457881299473e-05], "spread": [7.090000000000029e-07, 1.4449999999999836e-07]}, "bench_linalg.Einsum.time_einsum_outer": {"params": ["<class 'numpy.float32'>", "<class 'numpy.float64'>"], "mean": [0.015400023499751114, 0.028529421499115415], "spread": [7.499999999999955e-05, 0.00014199999999999977]}, "bench_linalg.Einsum.time_einsum_sum_mul": {"params": ["<class 'numpy.float32'>", "<class 'numpy.float64'>"], "mean": [3.990890225641739e-05, 3.503899843395789e-05], "spread": [4.3049999999999867e-07, 1.6749999999999797e-07]}, "bench_linalg.Einsum.time_einsum_sum_mul2": {"params": ["<class 'numpy.float32'>", "<class 'numpy.float64'>"], "mean": [4.091119675459244e-05, 3.518661356242157e-05], "spread": [6.63499999999998e-07, 1.7749999999999957e-07]}, "bench_linalg.LinAlgTransposeVdot.time_transpose": {"params": ["(32, 32)", "(64, 64)", "(128, 128)"], "mean": [7.75144064839811e-07, 7.857499291405646e-07, 7.772213563469137e-07], "spread": [3.040000000000006e-09, 4.285000000000015e-09, 2.9900000000000023e-09]}, "bench_linalg.LinAlgTransposeVdot.time_vdot": {"params": ["(32, 32)", "(64, 64)", "(128, 128)"], "mean": [1.9056043752349842e-06, 5.407918650682462e-06, 2.225137379524103e-06], "spread": [1.745000000000004e-08, 1.254999999999999e-08, 8.749999999999916e-09]}, "bench_linalg.Linalg.time_det": {"params": ["'complex128'", "'complex64'", "'float32'", "'float64'", "'int16'", "'int32'", "'int64'"], "mean": [0.3536181919998853, 0.35861995850063977, 0.09069329249996372, 0.08909289299936063, 0.09101322200058348, 0.09101267650021327, 0.09153023300041241], "spread": [0.0003100000000000047, 0.0015000000000000013, 0.00021799999999999597, 0.000787000000000003, 0.00031950000000000034, 0.00032100000000000184, 0.0002329999999999971]}, "bench_linalg.Linalg.time_pinv": {"params": ["'complex128'", "'complex64'", "'float32'", "'float64'", "'int16'", "'int32'", "'int64'"], "mean": [4.533950955999899, 3.9658361834999596, 1.2081265590004477, 1.3322278175000974, 1.3300137164997068, 1.3333555230001366, 1.3304478309992191], "spread": [0.003149999999999764, 0.0030999999999998806, 0.0020999999999999908, 0.0012999999999999678, 0.0017000000000000348, 0.0024999999999999467, 0.003049999999999997]}, "bench_linalg.Linalg.time_svd": {"params": ["'complex128'", "'complex64'", "'float32'", "'float64'", "'int16'", "'int32'", "'int64'"], "mean": [3.557950807999987, 3.5524169650007025, 1.0933938115003912, 1.0872359160002816, 1.091957834999448, 1.0942995824998434, 1.094894205500168], "spread": [0.0037000000000000366, 0.005099999999999882, 0.0020499999999999963, 0.0010499999999999954, 0.0011999999999999789, 0.0009000000000000119, 0.0016500000000000403]}, "bench_linalg.LinalgNorm.time_norm": {"params": ["'int16'", "'float16'", "'int32'", "'float32'", "'int64'", "'float64'", "'complex64'", "'complex128'"], "mean": [0.0010727951999797368, 0.004283026333117353, 0.0010724100000516045, 0.0005522781052365501, 0.0011734378888124614, 0.001071587899878068, 0.003443560833147785, 0.004028405999936998],