{"params": {"arch": "x86_64", "cpu": "Intel(R) Xeon(R) Platinum 8259CL CPU @ 2.50GHz", "machine": "ip-172-31-25-34", "num_cpu": "2", "os": "Linux 6.8.0-1009-aws", "ram": "8008640", "python": "3.12", "Cython": "", "build": "", "packaging": ""}, "results": {"bench_linalg.Eindot.time_dot_a_b": {"spread": 0.0020000000000000018, "mean": 0.5513028509994911, "params": []}, "bench_linalg.Eindot.time_dot_d_dot_b_c": {"spread": 4.864999999999991e-05, "mean": 0.0021236572500432276, "params": []}, "bench_linalg.Eindot.time_dot_trans_a_at": {"spread": 0.0003070000000000017, "mean": 0.07094257599965204, "params": []}, "bench_linalg.Eindot.time_dot_trans_a_atc": {"spread": 0.0008800000000000058, "mean": 0.13874480400045286, "params": []}, "bench_linalg.Eindot.time_dot_trans_at_a": {"spread": 0.001444999999999988, "mean": 0.19395490100032475, "params": []}, "bench_linalg.Eindot.time_dot_trans_atc_a": {"spread": 0.0004099999999999937, "mean": 0.3661860689990135, "params": []}, "bench_linalg.Eindot.time_einsum_i_ij_j": {"spread": 2.7000000000000114e-05, "mean": 0.010390362000180176, "params": []}, "bench_linalg.Eindot.time_einsum_ij_jk_a_b": {"spread": 0.005199999999999982, "mean": 1.5324887549995765, "params": []}, "bench_linalg.Eindot.time_einsum_ijk_jil_kl": {"spread": 0.007715000000000027, "mean": 0.9740668309996181, "params": []}, "bench_linalg.Eindot.time_inner_trans_a_a": {"spread": 0.0005465000000000053, "mean": 0.07140976850041625, "params": []}, "bench_linalg.Eindot.time_inner_trans_a_ac": {"spread": 0.0001850000000000046, "mean": 0.13713277700026083, "params": []}, "bench_linalg.Eindot.time_matmul_a_b": {"spread": 0.0010249999999999981, "mean": 0.5483770649998405, "params": []}, "bench_linalg.Eindot.time_matmul_d_matmul_b_c": {"spread": 4.209999999999999e-05, "mean": 0.0021928715832473245, "params": []}, "bench_linalg.Eindot.time_matmul_trans_a_at": {"spread": 0.00024750000000000466, "mean": 0.07070830849988852, "params": []}, "bench_linalg.Eindot.time_matmul_trans_a_atc": {"spread": 0.0004049999999999887, "mean": 0.13879318149975006, "params": []}, "bench_linalg.Eindot.time_matmul_trans_at_a": {"spread": 0.0017699999999999938, "mean": 0.1893356605005465, "params": []}, "bench_linalg.Eindot.time_matmul_trans_atc_a": {"spread": 0.00039000000000000146, "mean": 0.3649630790005176, "params": []}, "bench_linalg.Eindot.time_tensordot_a_b_axes_1_0_0_1": {"spread": 0.000333999999999994, "mean": 0.09457286399992881, "params": []}, "bench_linalg.Einsum.time_einsum_contig_contig": {"params": ["<class 'numpy.float32'>", "<class 'numpy.float64'>"], "mean": [0.00010871233663949331, 0.00019615200892530993], "spread": [3.5000000000000173e-07, 2.7749999999999997e-06]}, "bench_linalg.Einsum.time_einsum_contig_outstride0": {"params": ["<class 'numpy.float32'>", "<class 'numpy.float64'>"], "mean": [0.00011250961857119373, 0.0001983694285659762], "spread": [8.749999999999942e-07, 1.2200000000000053e-06]}, "bench_linalg.Einsum.time_einsum_mul": {"params": ["<class 'numpy.float32'>", "<class 'numpy.float64'>"], "mean": [0.000761912400048459, 0.0005996747499921184], "spread": [3.6795e-05, 2.7289999999999964e-05]}, "bench_linalg.Einsum.time_einsum_multiply": {"params": ["<class 'numpy.float32'>", "<class 'numpy.float64'>"], "mean": [5.031122522645469e-05, 5.66991303129087e-05], "spread": [4.2200000000000036e-07, 5.540000000000018e-07]}, "bench_linalg.Einsum.time_einsum_noncon_contig_contig": {"params": ["<class 'numpy.float32'>", "<class 'numpy.float64'>"], "mean": [2.538222607484747e-05, 2.5947862471636204e-05], "spread": [7.849999999999933e-08, 2.7999999999998715e-08]}, "bench_linalg.Einsum.time_einsum_noncon_contig_outstride0": {"params": ["<class 'numpy.float32'>", "<class 'numpy.float64'>"], "mean": [1.862231445918235e-05, 1.900958377169496e-05], "spread": [5.850000000000122e-08, 2.0549999999999998e-07]}, "bench_linalg.Einsum.time_einsum_noncon_mul": {"params": ["<class 'numpy.float32'>", "<class 'numpy.float64'>"], "mean": [2.6221367717386155e-05, 2.475046108618287e-05], "spread": [2.79999999999999e-07, 1.9049999999999928e-07]}, "bench_linalg.Einsum.time_einsum_noncon_multiply": {"params": ["<class 'numpy.float32'>", "<class 'numpy.float64'>"], "mean": [6.707846363441963e-05, 9.004484874684511e-05], "spread": [3.170000000000039e-07, 1.4810000000000016e-06]}, "bench_linalg.Einsum.time_einsum_noncon_outer": {"params": ["<class 'numpy.float32'>", "<class 'numpy.float64'>"], "mean": [0.0026366228001279525, 0.005920419250287523], "spread": [0.00013639999999999985, 0.00026975]}, "bench_linalg.Einsum.time_einsum_noncon_sum_mul": {"params": ["<class 'numpy.float32'>", "<class 'numpy.float64'>"], "mean": [6.650019276894016e-05, 4.3758147182504015e-05], "spread": [6.519999999999999e-07, 3.6800000000000054e-07]}, "bench_linalg.Einsum.time_einsum_noncon_sum_mul2": {"params": ["<class 'numpy.float32'>", "<class 'numpy.float64'>"], "mean": [6.81146347271275e-05, 4.4608709877026326e-05], "spread": [9.424999999999999e-07, 5.440000000000002e-07]}, "bench_linalg.Einsum.time_einsum_outer": {"params": ["<class 'numpy.float32'>", "<class 'numpy.float64'>"], "mean": [0.014882144500916183, 0.02813587600030587], "spread": [0.00044899999999999975, 0.0002594999999999993]}, "bench_linalg.Einsum.time_einsum_sum_mul": {"params": ["<class 'numpy.float32'>", "<class 'numpy.float64'>"], "mean": [3.9666036235612936e-05, 3.50132563279301e-05], "spread": [3.075e-07, 2.69499999999998e-07]}, "bench_linalg.Einsum.time_einsum_sum_mul2": {"params": ["<class 'numpy.float32'>", "<class 'numpy.float64'>"], "mean": [4.0478612724903294e-05, 3.54255157717862e-05], "spread": [2.294999999999984e-07, 9.500000000000163e-08]}, "bench_linalg.LinAlgTransposeVdot.time_transpose": {"params": ["(32, 32)", "(64, 64)", "(128, 128)"], "mean": [7.576048431688966e-07, 7.648790792104469e-07, 7.625920024571629e-07], "spread": [1.8550000000000123e-09, 1.1800000000000145e-09, 1.0100000000000335e-09]}, "bench_linalg.LinAlgTransposeVdot.time_vdot": {"params": ["(32, 32)", "(64, 64)", "(128, 128)"], "mean": [1.9424844650217267e-06, 5.441158737950379e-06, 2.241714746287925e-06], "spread": [5.350000000000084e-09, 1.289999999999991e-08, 1.1799999999999828e-08]}, "bench_linalg.Linalg.time_det": {"params": ["'complex128'", "'complex64'", "'float32'", "'float64'", "'int16'", "'int32'", "'int64'"], "mean": [0.3534254399992278, 0.35802802899979724, 0.09113821350001672, 0.08914456300044549, 0.0910012585000004, 0.09104831199965702, 0.09159166100016591], "spread": [0.0021050000000000235, 0.0003100000000000047, 0.00013649999999999773, 0.0003145000000000023, 8.199999999999874e-05, 0.0002725000000000019, 0.0003394999999999995]}, "bench_linalg.Linalg.time_pinv": {"params": ["'complex128'", "'complex64'", "'float32'", "'float64'", "'int16'", "'int32'", "'int64'"], "mean": [4.540753070999926, 3.961619622999933, 1.2074366159995407, 1.3245612655000514, 1.3296924874994147, 1.3254399139996167, 1.3312322129995664], "spread": [0.0019499999999998963, 0.002850000000000019, 0.0011999999999999789, 0.002950000000000008, 0.0013500000000000734, 0.0019000000000000128, 0.0015500000000000513]}, "bench_linalg.Linalg.time_svd": {"params": ["'complex128'", "'complex64'", "'float32'", "'float64'", "'int16'", "'int32'", "'int64'"], "mean": [3.5538362614997823, 3.5564581669996187, 1.0946269244996074, 1.0884976280003684, 1.0935162270006913, 1.0941843655000412, 1.0875725689993487], "spread": [0.0021500000000000963, 0.005599999999999827, 0.0019000000000000128, 0.0013500000000000734, 0.0023999999999999577, 0.0013499999999999623, 0.0023499999999999632]}, "bench_linalg.LinalgNorm.time_norm": {"params": ["'int16'", "'float16'", "'int32'", "'float32'", "'int64'", "'float64'", "'complex64'", "'complex128'"], "mean": [0.0010703738500524196, 0.004249353999815261, 0.0010702315500566329, 0.000549348552627443, 0.0011899586111717832, 0.0010766646999400109, 0.003496532166839946, 0.004174070833263007],