{"params": {"arch": "x86_64", "cpu": "Intel(R) Xeon(R) Platinum 8259CL CPU @ 2.50GHz", "machine": "asv machine", "num_cpu": "2", "os": "Linux 6.8.0-1009-aws", "ram": "8008632", "python": "3.12", "Cython": "", "build": "", "packaging": ""}, "results": {"bench_linalg.Eindot.time_dot_a_b": {"spread": 0.0018100000000000338, "mean": 0.5499227744994641, "params": []}, "bench_linalg.Eindot.time_dot_d_dot_b_c": {"spread": 3.304999999999996e-05, "mean": 0.0019423096427999553, "params": []}, "bench_linalg.Eindot.time_dot_trans_a_at": {"spread": 0.00037600000000000133, "mean": 0.07107238649950887, "params": []}, "bench_linalg.Eindot.time_dot_trans_a_atc": {"spread": 0.000784999999999994, "mean": 0.13797018299919728, "params": []}, "bench_linalg.Eindot.time_dot_trans_at_a": {"spread": 0.0005400000000000127, "mean": 0.19163687099990057, "params": []}, "bench_linalg.Eindot.time_dot_trans_atc_a": {"spread": 0.0011849999999999916, "mean": 0.3664201135006806, "params": []}, "bench_linalg.Eindot.time_einsum_i_ij_j": {"spread": 2.8999999999999512e-05, "mean": 0.010324426500119444, "params": []}, "bench_linalg.Eindot.time_einsum_ij_jk_a_b": {"spread": 0.050549999999999984, "mean": 1.2350816684993333, "params": []}, "bench_linalg.Eindot.time_einsum_ijk_jil_kl": {"spread": 0.005034999999999956, "mean": 0.9625288440001896, "params": []}, "bench_linalg.Eindot.time_inner_trans_a_a": {"spread": 0.0002020000000000008, "mean": 0.07096539650046907, "params": []}, "bench_linalg.Eindot.time_inner_trans_a_ac": {"spread": 0.00036999999999999533, "mean": 0.1365385030003381, "params": []}, "bench_linalg.Eindot.time_matmul_a_b": {"spread": 0.001375000000000015, "mean": 0.549151221500324, "params": []}, "bench_linalg.Eindot.time_matmul_d_matmul_b_c": {"spread": 3.320000000000005e-05, "mean": 0.001913913214203993, "params": []}, "bench_linalg.Eindot.time_matmul_trans_a_at": {"spread": 0.0008030000000000051, "mean": 0.07050772799993865, "params": []}, "bench_linalg.Eindot.time_matmul_trans_a_atc": {"spread": 0.0004799999999999943, "mean": 0.13806118000047718, "params": []}, "bench_linalg.Eindot.time_matmul_trans_at_a": {"spread": 0.0001749999999999946, "mean": 0.18848926049940928, "params": []}, "bench_linalg.Eindot.time_matmul_trans_atc_a": {"spread": 0.0006549999999999889, "mean": 0.36417761749999045, "params": []}, "bench_linalg.Eindot.time_tensordot_a_b_axes_1_0_0_1": {"spread": 0.00017600000000000254, "mean": 0.09420185599901743, "params": []}, "bench_linalg.Einsum.time_einsum_contig_contig": {"params": ["<class 'numpy.float32'>", "<class 'numpy.float64'>"], "mean": [0.00010795158738174614, 0.0001947777456192406], "spread": [7.399999999999963e-07, 2.275000000000001e-06]}, "bench_linalg.Einsum.time_einsum_contig_outstride0": {"params": ["<class 'numpy.float32'>", "<class 'numpy.float64'>"], "mean": [0.00011302927128162217, 0.00019637512728381396], "spread": [3.5499999999999914e-07, 1.3750000000000063e-06]}, "bench_linalg.Einsum.time_einsum_mul": {"params": ["<class 'numpy.float32'>", "<class 'numpy.float64'>"], "mean": [0.0007392061666905647, 0.0005897602777622524], "spread": [3.1555000000000005e-05, 2.978000000000003e-05]}, "bench_linalg.Einsum.time_einsum_multiply": {"params": ["<class 'numpy.float32'>", "<class 'numpy.float64'>"], "mean": [5.023915258054774e-05, 5.543074331656883e-05], "spread": [2.934999999999998e-07, 4.530000000000006e-07]}, "bench_linalg.Einsum.time_einsum_noncon_contig_contig": {"params": ["<class 'numpy.float32'>", "<class 'numpy.float64'>"], "mean": [2.4763421946138958e-05, 2.546448693447926e-05], "spread": [8.350000000000013e-08, 5.1500000000001116e-08]}, "bench_linalg.Einsum.time_einsum_noncon_contig_outstride0": {"params": ["<class 'numpy.float32'>", "<class 'numpy.float64'>"], "mean": [1.8810941276763e-05, 1.910138049386497e-05], "spread": [7.449999999999903e-08, 9.600000000000044e-08]}, "bench_linalg.Einsum.time_einsum_noncon_mul": {"params": ["<class 'numpy.float32'>", "<class 'numpy.float64'>"], "mean": [2.605922115496749e-05, 2.4518531614883047e-05], "spread": [1.3249999999999915e-07, 5.899999999999893e-08]}, "bench_linalg.Einsum.time_einsum_noncon_multiply": {"params": ["<class 'numpy.float32'>", "<class 'numpy.float64'>"], "mean": [6.742787797975325e-05, 8.92056280063116e-05], "spread": [7.080000000000007e-07, 7.080000000000007e-07]}, "bench_linalg.Einsum.time_einsum_noncon_outer": {"params": ["<class 'numpy.float32'>", "<class 'numpy.float64'>"], "mean": [0.0024582269999882554, 0.004887962833284595], "spread": [9.425000000000015e-05, 0.00029679999999999984]}, "bench_linalg.Einsum.time_einsum_noncon_sum_mul": {"params": ["<class 'numpy.float32'>", "<class 'numpy.float64'>"], "mean": [6.733537500059312e-05, 4.394162749169293e-05], "spread": [7.605000000000006e-07, 3.075e-07]}, "bench_linalg.Einsum.time_einsum_noncon_sum_mul2": {"params": ["<class 'numpy.float32'>", "<class 'numpy.float64'>"], "mean": [6.655586969304061e-05, 4.440299795830043e-05], "spread": [6.874999999999964e-07, 4.1799999999999837e-07]}, "bench_linalg.Einsum.time_einsum_outer": {"params": ["<class 'numpy.float32'>", "<class 'numpy.float64'>"], "mean": [0.012276280500373105, 0.02520354300031613], "spread": [0.000477, 0.00022699999999999977]}, "bench_linalg.Einsum.time_einsum_sum_mul": {"params": ["<class 'numpy.float32'>", "<class 'numpy.float64'>"], "mean": [3.9436548506083496e-05, 3.510216773199286e-05], "spread": [2.395e-07, 1.2049999999999995e-07]}, "bench_linalg.Einsum.time_einsum_sum_mul2": {"params": ["<class 'numpy.float32'>", "<class 'numpy.float64'>"], "mean": [3.978696236362172e-05, 3.534247648773505e-05], "spread": [1.0550000000000094e-07, 3.9799999999999856e-07]}, "bench_linalg.LinAlgTransposeVdot.time_transpose": {"params": ["(32, 32)", "(64, 64)", "(128, 128)"], "mean": [7.543824803936822e-07, 7.569754465924623e-07, 7.537861267640698e-07], "spread": [5.649999999999789e-10, 9.700000000000411e-10, 1.1599999999999919e-09]}, "bench_linalg.LinAlgTransposeVdot.time_vdot": {"params": ["(32, 32)", "(64, 64)", "(128, 128)"], "mean": [1.9305998040790594e-06, 5.466644796207157e-06, 2.2724484535607696e-06], "spread": [3.149999999999919e-09, 5.250000000000077e-09, 1.3499999999999955e-08]}, "bench_linalg.Linalg.time_det": {"params": ["'complex128'", "'complex64'", "'float32'", "'float64'", "'int16'", "'int32'", "'int64'"], "mean": [0.35303867749917117, 0.3540703314993152, 0.08934840699930646, 0.08786959199915145, 0.08976083699963056, 0.0900513474998661, 0.08979052149970812], "spread": [0.0004800000000000082, 0.0026549999999999907, 0.0003640000000000032, 0.0006305000000000061, 0.00044349999999999945, 0.00034899999999999515, 0.00018750000000000017]}, "bench_linalg.Linalg.time_pinv": {"params": ["'complex128'", "'complex64'", "'float32'", "'float64'", "'int16'", "'int32'", "'int64'"], "mean": [4.494902419000027, 3.925077949500519, 1.1978115854999487, 1.3146881449993089, 1.3181711329998507, 1.3200395429994387, 1.321049288500035], "spread": [0.000500000000000167, 0.0010499999999999954, 0.0011499999999999844, 0.0018000000000000238, 0.0013999999999999568, 0.0019500000000000073, 0.00044999999999995044]}, "bench_linalg.Linalg.time_svd": {"params": ["'complex128'", "'complex64'", "'float32'", "'float64'", "'int16'", "'int32'", "'int64'"], "mean": [3.5143580070007374, 3.520800407499337, 1.0832771814993976, 1.078507561999686, 1.0832361205002599, 1.0824505214995952, 1.0833692574997258], "spread": [0.0013000000000000789, 0.0015000000000000568, 0.0015500000000000513, 0.00039999999999995595, 0.0015999999999999348, 0.0020499999999999963, 0.0008000000000000229]}, "bench_linalg.LinalgNorm.time_norm": {"params": ["'int16'", "'float16'", "'int32'", "'float32'", "'int64'", "'float64'", "'complex64'", "'complex128'"], "mean": [0.0010803188500176474, 0.004221219500323059, 0.0010779910500787083, 0.0005680017631771319, 0.0011432123888476377, 0.0010407886000393773, 0.003343407000102161, 0.0031977156247648963],