{"params": {"arch": "x86_64", "cpu": "Intel(R) Xeon(R) Platinum 8259CL CPU @ 2.50GHz", "machine": "ip-172-31-25-34", "num_cpu": "2", "os": "Linux 6.8.0-1009-aws", "ram": "8008640", "python": "3.12", "Cython": "", "build": "", "packaging": ""}, "results": {"bench_linalg.Eindot.time_dot_a_b": {"spread": 0.0008250000000000202, "mean": 0.4403950089999853, "params": []}, "bench_linalg.Eindot.time_dot_d_dot_b_c": {"spread": 6.935000000000014e-05, "mean": 0.0021389828334577032, "params": []}, "bench_linalg.Eindot.time_dot_trans_a_at": {"spread": 0.00022600000000000398, "mean": 0.06295888349995948, "params": []}, "bench_linalg.Eindot.time_dot_trans_a_atc": {"spread": 0.00023000000000000104, "mean": 0.11070285650021106, "params": []}, "bench_linalg.Eindot.time_dot_trans_at_a": {"spread": 0.0016649999999999998, "mean": 0.16008222750042478, "params": []}, "bench_linalg.Eindot.time_dot_trans_atc_a": {"spread": 0.00027499999999999747, "mean": 0.2961071260006065, "params": []}, "bench_linalg.Eindot.time_einsum_i_ij_j": {"spread": 5.3500000000000596e-05, "mean": 0.01040712350004469, "params": []}, "bench_linalg.Eindot.time_einsum_ij_jk_a_b": {"spread": 0.010650000000000048, "mean": 1.5215002550003192, "params": []}, "bench_linalg.Eindot.time_einsum_ijk_jil_kl": {"spread": 0.007379999999999998, "mean": 0.9706406260002041, "params": []}, "bench_linalg.Eindot.time_inner_trans_a_a": {"spread": 0.0006210000000000035, "mean": 0.06296909749926272, "params": []}, "bench_linalg.Eindot.time_inner_trans_a_ac": {"spread": 0.0003049999999999997, "mean": 0.11018772850093228, "params": []}, "bench_linalg.Eindot.time_matmul_a_b": {"spread": 0.00037999999999999146, "mean": 0.438986985000156, "params": []}, "bench_linalg.Eindot.time_matmul_d_matmul_b_c": {"spread": 3.859999999999996e-05, "mean": 0.0020804413332674208, "params": []}, "bench_linalg.Eindot.time_matmul_trans_a_at": {"spread": 0.00022849999999999954, "mean": 0.06263848050002707, "params": []}, "bench_linalg.Eindot.time_matmul_trans_a_atc": {"spread": 0.0001250000000000001, "mean": 0.11050133600019763, "params": []}, "bench_linalg.Eindot.time_matmul_trans_at_a": {"spread": 0.0008900000000000019, "mean": 0.15490134650008258, "params": []}, "bench_linalg.Eindot.time_matmul_trans_atc_a": {"spread": 0.0004200000000000037, "mean": 0.293940391000433, "params": []}, "bench_linalg.Eindot.time_tensordot_a_b_axes_1_0_0_1": {"spread": 0.00047950000000000076, "mean": 0.08088424800007488, "params": []}, "bench_linalg.Einsum.time_einsum_contig_contig": {"params": ["<class 'numpy.float32'>", "<class 'numpy.float64'>"], "mean": [0.00010993667676688568, 0.00019699649122853052], "spread": [7.850000000000001e-07, 2.6499999999999967e-06]}, "bench_linalg.Einsum.time_einsum_contig_outstride0": {"params": ["<class 'numpy.float32'>", "<class 'numpy.float64'>"], "mean": [0.00011326225000137433, 0.00019953541819135847], "spread": [6.100000000000026e-07, 1.3500000000000057e-06]}, "bench_linalg.Einsum.time_einsum_mul": {"params": ["<class 'numpy.float32'>", "<class 'numpy.float64'>"], "mean": [0.0007497506000314995, 0.0005964092499905543], "spread": [3.6475000000000006e-05, 2.7680000000000033e-05]}, "bench_linalg.Einsum.time_einsum_multiply": {"params": ["<class 'numpy.float32'>", "<class 'numpy.float64'>"], "mean": [5.083020276430654e-05, 5.7718627069525556e-05], "spread": [4.834999999999997e-07, 5.13e-07]}, "bench_linalg.Einsum.time_einsum_noncon_contig_contig": {"params": ["<class 'numpy.float32'>", "<class 'numpy.float64'>"], "mean": [2.5042157278836434e-05, 2.5646683770076453e-05], "spread": [1.2750000000000005e-07, 7.200000000000033e-08]}, "bench_linalg.Einsum.time_einsum_noncon_contig_outstride0": {"params": ["<class 'numpy.float32'>", "<class 'numpy.float64'>"], "mean": [1.8667992158946647e-05, 1.911839468947321e-05], "spread": [3.349999999999892e-08, 1.0200000000000004e-07]}, "bench_linalg.Einsum.time_einsum_noncon_mul": {"params": ["<class 'numpy.float32'>", "<class 'numpy.float64'>"], "mean": [2.6575767815056434e-05, 2.497310526463234e-05], "spread": [1.1799999999999955e-07, 1.0799999999999964e-07]}, "bench_linalg.Einsum.time_einsum_noncon_multiply": {"params": ["<class 'numpy.float32'>", "<class 'numpy.float64'>"], "mean": [6.71204880217521e-05, 9.058813983278539e-05], "spread": [5.499999999999998e-07, 1.5060000000000022e-06]}, "bench_linalg.Einsum.time_einsum_noncon_outer": {"params": ["<class 'numpy.float32'>", "<class 'numpy.float64'>"], "mean": [0.0026477711000552516, 0.006062438749722787], "spread": [6.455000000000002e-05, 0.0003108999999999998]}, "bench_linalg.Einsum.time_einsum_noncon_sum_mul": {"params": ["<class 'numpy.float32'>", "<class 'numpy.float64'>"], "mean": [6.65293653944387e-05, 4.4967279522756515e-05], "spread": [9.895000000000013e-07, 4.2700000000000116e-07]}, "bench_linalg.Einsum.time_einsum_noncon_sum_mul2": {"params": ["<class 'numpy.float32'>", "<class 'numpy.float64'>"], "mean": [6.90652878774651e-05, 4.426939878671671e-05], "spread": [1.0659999999999996e-06, 6.064999999999983e-07]}, "bench_linalg.Einsum.time_einsum_outer": {"params": ["<class 'numpy.float32'>", "<class 'numpy.float64'>"], "mean": [0.01485453349960153, 0.02873378600088472], "spread": [0.00033500000000000023, 0.00024400000000000116]}, "bench_linalg.Einsum.time_einsum_sum_mul": {"params": ["<class 'numpy.float32'>", "<class 'numpy.float64'>"], "mean": [3.983461132861521e-05, 3.55188758265478e-05], "spread": [1.1150000000000054e-07, 1.6400000000000046e-07]}, "bench_linalg.Einsum.time_einsum_sum_mul2": {"params": ["<class 'numpy.float32'>", "<class 'numpy.float64'>"], "mean": [4.103412921357859e-05, 3.570615614424912e-05], "spread": [8.824999999999971e-07, 2.820000000000017e-07]}, "bench_linalg.LinAlgTransposeVdot.time_transpose": {"params": ["(32, 32)", "(64, 64)", "(128, 128)"], "mean": [7.508176045055385e-07, 7.544115147143617e-07, 7.532847192929395e-07], "spread": [7.40000000000045e-10, 7.300000000000337e-10, 1.0400000000000146e-09]}, "bench_linalg.LinAlgTransposeVdot.time_vdot": {"params": ["(32, 32)", "(64, 64)", "(128, 128)"], "mean": [1.8802396372977112e-06, 5.430912730090367e-06, 2.209151490049239e-06], "spread": [9.249999999999954e-09, 9.74999999999978e-09, 1.4200000000000008e-08]}, "bench_linalg.Linalg.time_det": {"params": ["'complex128'", "'complex64'", "'float32'", "'float64'", "'int16'", "'int32'", "'int64'"], "mean": [0.3088004669998554, 0.3125229715005844, 0.07995756850050384, 0.07852773000013258, 0.08001667600001383, 0.08002488249985618, 0.08000554950103833], "spread": [0.0014949999999999963, 0.00022499999999997522, 0.00010349999999999943, 0.00014500000000000624, 0.00015800000000000536, 0.00014000000000000123, 0.00010999999999999899]}, "bench_linalg.Linalg.time_pinv": {"params": ["'complex128'", "'complex64'", "'float32'", "'float64'", "'int16'", "'int32'", "'int64'"], "mean": [4.592136469999787, 4.200165025999013, 1.1231367709997357, 1.2084474179991957, 1.2142250179995244, 1.2148019895003017, 1.216256453499227], "spread": [0.0014500000000001734, 0.0014499999999997293, 0.0015000000000000568, 0.002950000000000008, 0.0010999999999999899, 0.0015499999999999403, 0.0018000000000000238]}, "bench_linalg.Linalg.time_svd": {"params": ["'complex128'", "'complex64'", "'float32'", "'float64'", "'int16'", "'int32'", "'int64'"], "mean": [3.8165846675001376, 3.818190216500625, 1.0213812834999771, 1.0155248399996708, 1.0189854924992687, 1.0192984284994964, 1.0181364219997704], "spread": [0.0014999999999998348, 0.0016499999999999293, 0.0013499999999999623, 0.0010499999999999954, 0.0022999999999999687, 0.0012500000000000844, 0.0006499999999999284]}, "bench_linalg.LinalgNorm.time_norm": {"params": ["'int16'", "'float16'", "'int32'", "'float32'", "'int64'", "'float64'", "'complex64'", "'complex128'"], "mean": [0.001739257166718744, 0.004244541333112769, 0.0017258526666713199, 0.0005500307631671987, 0.001789082583400159, 0.0010665608999261167, 0.0020735247000629895, 0.003438318000007712],