{"params": {"arch": "x86_64", "cpu": "Intel(R) Xeon(R) Platinum 8259CL CPU @ 2.50GHz", "machine": "asv machine", "num_cpu": "2", "os": "Linux 6.8.0-1009-aws", "ram": "8008632", "python": "3.12", "Cython": "", "build": "", "packaging": ""}, "results": {"bench_linalg.Eindot.time_dot_a_b": {"spread": 0.0016599999999999948, "mean": 0.525438454500545, "params": []}, "bench_linalg.Eindot.time_dot_d_dot_b_c": {"spread": 1.6100000000000012e-05, "mean": 0.001926421928536521, "params": []}, "bench_linalg.Eindot.time_dot_trans_a_at": {"spread": 0.0009824999999999973, "mean": 0.06738636100089934, "params": []}, "bench_linalg.Eindot.time_dot_trans_a_atc": {"spread": 0.0004649999999999932, "mean": 0.1319861244992353, "params": []}, "bench_linalg.Eindot.time_dot_trans_at_a": {"spread": 0.00037500000000000033, "mean": 0.18512813100005587, "params": []}, "bench_linalg.Eindot.time_dot_trans_atc_a": {"spread": 0.0010000000000000009, "mean": 0.35166531200047757, "params": []}, "bench_linalg.Eindot.time_einsum_i_ij_j": {"spread": 4.30000000000005e-05, "mean": 0.010292089250015124, "params": []}, "bench_linalg.Eindot.time_einsum_ij_jk_a_b": {"spread": 0.04520000000000002, "mean": 1.251181849999739, "params": []}, "bench_linalg.Eindot.time_einsum_ijk_jil_kl": {"spread": 0.006639999999999979, "mean": 0.9692167749999498, "params": []}, "bench_linalg.Eindot.time_inner_trans_a_a": {"spread": 0.0007225000000000009, "mean": 0.06808835650008405, "params": []}, "bench_linalg.Eindot.time_inner_trans_a_ac": {"spread": 0.0006649999999999989, "mean": 0.1313631279999754, "params": []}, "bench_linalg.Eindot.time_matmul_a_b": {"spread": 0.0012599999999999834, "mean": 0.5244239119992926, "params": []}, "bench_linalg.Eindot.time_matmul_d_matmul_b_c": {"spread": 3.6850000000000055e-05, "mean": 0.001930255642816649, "params": []}, "bench_linalg.Eindot.time_matmul_trans_a_at": {"spread": 0.0005229999999999957, "mean": 0.06688615250004659, "params": []}, "bench_linalg.Eindot.time_matmul_trans_a_atc": {"spread": 0.0008350000000000024, "mean": 0.1317572919988379, "params": []}, "bench_linalg.Eindot.time_matmul_trans_at_a": {"spread": 0.000784999999999994, "mean": 0.1820366699994338, "params": []}, "bench_linalg.Eindot.time_matmul_trans_atc_a": {"spread": 0.0012300000000000089, "mean": 0.3490283545006605, "params": []}, "bench_linalg.Eindot.time_tensordot_a_b_axes_1_0_0_1": {"spread": 0.000341000000000001, "mean": 0.09184177400129556, "params": []}, "bench_linalg.Einsum.time_einsum_contig_contig": {"params": ["<class 'numpy.float32'>", "<class 'numpy.float64'>"], "mean": [0.00010820730850800247, 0.00019484705454405314], "spread": [7.799999999999959e-07, 3.70999999999999e-06]}, "bench_linalg.Einsum.time_einsum_contig_outstride0": {"params": ["<class 'numpy.float32'>", "<class 'numpy.float64'>"], "mean": [0.00011399742187260624, 0.00019741343750670888], "spread": [4.7500000000000477e-07, 1.009999999999992e-06]}, "bench_linalg.Einsum.time_einsum_mul": {"params": ["<class 'numpy.float32'>", "<class 'numpy.float64'>"], "mean": [0.0007396416332994705, 0.000590644444400823], "spread": [3.1915000000000036e-05, 2.0990000000000028e-05]}, "bench_linalg.Einsum.time_einsum_multiply": {"params": ["<class 'numpy.float32'>", "<class 'numpy.float64'>"], "mean": [5.135958796203071e-05, 5.726402072223727e-05], "spread": [5.440000000000002e-07, 6.224999999999995e-07]}, "bench_linalg.Einsum.time_einsum_noncon_contig_contig": {"params": ["<class 'numpy.float32'>", "<class 'numpy.float64'>"], "mean": [2.522662180970723e-05, 2.60329721557346e-05], "spread": [7.849999999999933e-08, 9.499999999999994e-08]}, "bench_linalg.Einsum.time_einsum_noncon_contig_outstride0": {"params": ["<class 'numpy.float32'>", "<class 'numpy.float64'>"], "mean": [1.9299149910234985e-05, 1.9658022892221424e-05], "spread": [1.3649999999999946e-07, 9.799999999999974e-08]}, "bench_linalg.Einsum.time_einsum_noncon_mul": {"params": ["<class 'numpy.float32'>", "<class 'numpy.float64'>"], "mean": [2.6695670343025427e-05, 2.5473198158059468e-05], "spread": [2.879999999999996e-07, 2.894999999999995e-07]}, "bench_linalg.Einsum.time_einsum_noncon_multiply": {"params": ["<class 'numpy.float32'>", "<class 'numpy.float64'>"], "mean": [6.727927673225322e-05, 9.12228016497751e-05], "spread": [8.190000000000001e-07, 6.590000000000017e-07]}, "bench_linalg.Einsum.time_einsum_noncon_outer": {"params": ["<class 'numpy.float32'>", "<class 'numpy.float64'>"], "mean": [0.0024671292998391433, 0.005054520999995778], "spread": [9.829999999999995e-05, 0.00024494999999999986]}, "bench_linalg.Einsum.time_einsum_noncon_sum_mul": {"params": ["<class 'numpy.float32'>", "<class 'numpy.float64'>"], "mean": [6.898752829746736e-05, 4.4627912347824166e-05], "spread": [7.84499999999999e-07, 6.280000000000014e-07]}, "bench_linalg.Einsum.time_einsum_noncon_sum_mul2": {"params": ["<class 'numpy.float32'>", "<class 'numpy.float64'>"], "mean": [6.917656249925131e-05, 4.5704710638792096e-05], "spread": [9.210000000000002e-07, 6.775000000000016e-07]}, "bench_linalg.Einsum.time_einsum_outer": {"params": ["<class 'numpy.float32'>", "<class 'numpy.float64'>"], "mean": [0.012629920500330627, 0.025699937499666703], "spread": [0.0004914999999999997, 0.0001255000000000006]}, "bench_linalg.Einsum.time_einsum_sum_mul": {"params": ["<class 'numpy.float32'>", "<class 'numpy.float64'>"], "mean": [4.0817547614806446e-05, 3.571980032161677e-05], "spread": [2.709999999999979e-07, 3.3599999999999814e-07]}, "bench_linalg.Einsum.time_einsum_sum_mul2": {"params": ["<class 'numpy.float32'>", "<class 'numpy.float64'>"], "mean": [4.1445696228518774e-05, 3.6012535712784266e-05], "spread": [5.100000000000002e-07, 3.4549999999999864e-07]}, "bench_linalg.LinAlgTransposeVdot.time_transpose": {"params": ["(32, 32)", "(64, 64)", "(128, 128)"], "mean": [7.916557014975576e-07, 7.99258350932692e-07, 7.923760584842894e-07], "spread": [7.149999999999902e-10, 9.849999999999787e-10, 8.850000000000241e-10]}, "bench_linalg.LinAlgTransposeVdot.time_vdot": {"params": ["(32, 32)", "(64, 64)", "(128, 128)"], "mean": [2.046445798004568e-06, 5.568824296467639e-06, 2.3719850265195116e-06], "spread": [1.0150000000000021e-08, 1.0299999999999715e-08, 8.150000000000083e-09]}, "bench_linalg.Linalg.time_det": {"params": ["'complex128'", "'complex64'", "'float32'", "'float64'", "'int16'", "'int32'", "'int64'"], "mean": [0.3666769450001084, 0.3678002224996817, 0.09420559250065708, 0.09233351799957745, 0.09437281400096253, 0.09444142000029387, 0.09441448850066081], "spread": [0.0018350000000000033, 0.001810000000000006, 0.0005949999999999983, 0.0003094999999999973, 0.00019049999999999623, 0.00042149999999999826, 0.0002590000000000023]}, "bench_linalg.Linalg.time_pinv": {"params": ["'complex128'", "'complex64'", "'float32'", "'float64'", "'int16'", "'int32'", "'int64'"], "mean": [5.017400228000952, 4.634158385499177, 1.2103521090002687, 1.2977358729995103, 1.3016962100000455, 1.301333611500013, 1.3025061275002372], "spread": [0.004050000000000331, 0.0019500000000003403, 0.0018500000000000183, 0.0012499999999999734, 0.0015499999999999403, 0.0010999999999999899, 0.0018500000000000183]}, "bench_linalg.Linalg.time_svd": {"params": ["'complex128'", "'complex64'", "'float32'", "'float64'", "'int16'", "'int32'", "'int64'"], "mean": [4.093574210999577, 4.0982588389997545, 1.0650572684999133, 1.0595421645002716, 1.0639122544998827, 1.065643775501485, 1.0649418979992333], "spread": [0.0013000000000000789, 0.0028000000000001357, 0.0019500000000000073, 0.0019000000000000128, 0.0018000000000000238, 0.0010499999999999954, 0.0012499999999999734]}, "bench_linalg.LinalgNorm.time_norm": {"params": ["'int16'", "'float16'", "'int32'", "'float32'", "'int64'", "'float64'", "'complex64'", "'complex128'"], "mean": [0.0011184155499904592, 0.004215669666640073, 0.0011089292999713507, 0.0005697368333636001, 0.0012054523333265227, 0.001083325799936574, 0.003337239499842326, 0.003223218374841963],