{"params": {"arch": "x86_64", "cpu": "Intel(R) Xeon(R) Platinum 8259CL CPU @ 2.50GHz", "machine": "ip-172-31-25-34", "num_cpu": "2", "os": "Linux 6.8.0-1009-aws", "ram": "8008640", "python": "3.12", "Cython": "", "build": "", "packaging": ""}, "results": {"bench_linalg.Eindot.time_dot_a_b": {"spread": 0.0013250000000000067, "mean": 0.23857393199978105, "params": []}, "bench_linalg.Eindot.time_dot_d_dot_b_c": {"spread": 5.969999999999999e-05, "mean": 0.0021760369166562064, "params": []}, "bench_linalg.Eindot.time_dot_trans_a_at": {"spread": 9.850000000000136e-05, "mean": 0.03347580700119579, "params": []}, "bench_linalg.Eindot.time_dot_trans_a_atc": {"spread": 0.00011800000000000005, "mean": 0.06002165700101614, "params": []}, "bench_linalg.Eindot.time_dot_trans_at_a": {"spread": 0.000730500000000002, "mean": 0.08951074549986515, "params": []}, "bench_linalg.Eindot.time_dot_trans_atc_a": {"spread": 0.0009199999999999903, "mean": 0.15963481750077335, "params": []}, "bench_linalg.Eindot.time_einsum_i_ij_j": {"spread": 4.900000000000043e-05, "mean": 0.010401087499303685, "params": []}, "bench_linalg.Eindot.time_einsum_ij_jk_a_b": {"spread": 0.01584999999999992, "mean": 1.5309451789989907, "params": []}, "bench_linalg.Eindot.time_einsum_ijk_jil_kl": {"spread": 0.0072249999999999814, "mean": 0.9669860924996101, "params": []}, "bench_linalg.Eindot.time_inner_trans_a_a": {"spread": 8.750000000000077e-05, "mean": 0.03351560350074578, "params": []}, "bench_linalg.Eindot.time_inner_trans_a_ac": {"spread": 0.00013200000000000017, "mean": 0.05982670849971328, "params": []}, "bench_linalg.Eindot.time_matmul_a_b": {"spread": 0.0013149999999999967, "mean": 0.23795943950062792, "params": []}, "bench_linalg.Eindot.time_matmul_d_matmul_b_c": {"spread": 3.994999999999997e-05, "mean": 0.002299562416737899, "params": []}, "bench_linalg.Eindot.time_matmul_trans_a_at": {"spread": 7.249999999999965e-05, "mean": 0.03312897199884901, "params": []}, "bench_linalg.Eindot.time_matmul_trans_a_atc": {"spread": 0.0002280000000000025, "mean": 0.059950177000246185, "params": []}, "bench_linalg.Eindot.time_matmul_trans_at_a": {"spread": 0.0009819999999999968, "mean": 0.08748297849979281, "params": []}, "bench_linalg.Eindot.time_matmul_trans_atc_a": {"spread": 0.0008900000000000019, "mean": 0.1572044035010549, "params": []}, "bench_linalg.Eindot.time_tensordot_a_b_axes_1_0_0_1": {"spread": 0.00016750000000000098, "mean": 0.054699407500265806, "params": []}, "bench_linalg.Einsum.time_einsum_contig_contig": {"params": ["<class 'numpy.float32'>", "<class 'numpy.float64'>"], "mean": [0.00010899440099585785, 0.00019811205263402755], "spread": [7.050000000000009e-07, 3.0449999999999954e-06]}, "bench_linalg.Einsum.time_einsum_contig_outstride0": {"params": ["<class 'numpy.float32'>", "<class 'numpy.float64'>"], "mean": [0.00011307147938215663, 0.00019833845535036483], "spread": [4.900000000000038e-07, 7.550000000000021e-07]}, "bench_linalg.Einsum.time_einsum_mul": {"params": ["<class 'numpy.float32'>", "<class 'numpy.float64'>"], "mean": [0.0007558683000146024, 0.0005941303055199872], "spread": [3.4155000000000014e-05, 2.3545000000000033e-05]}, "bench_linalg.Einsum.time_einsum_multiply": {"params": ["<class 'numpy.float32'>", "<class 'numpy.float64'>"], "mean": [5.006316432243206e-05, 5.6924966837850285e-05], "spread": [7.574999999999974e-07, 3.4749999999999964e-07]}, "bench_linalg.Einsum.time_einsum_noncon_contig_contig": {"params": ["<class 'numpy.float32'>", "<class 'numpy.float64'>"], "mean": [2.551904245197909e-05, 2.6126918367815368e-05], "spread": [5.149999999999942e-08, 1.3450000000000015e-07]}, "bench_linalg.Einsum.time_einsum_noncon_contig_outstride0": {"params": ["<class 'numpy.float32'>", "<class 'numpy.float64'>"], "mean": [1.8705728006200873e-05, 1.8968693771104793e-05], "spread": [1.0900000000000014e-07, 1.1349999999999985e-07]}, "bench_linalg.Einsum.time_einsum_noncon_mul": {"params": ["<class 'numpy.float32'>", "<class 'numpy.float64'>"], "mean": [2.6175988805063293e-05, 2.4611057513948894e-05], "spread": [1.2799999999999945e-07, 1.1450000000000034e-07]}, "bench_linalg.Einsum.time_einsum_noncon_multiply": {"params": ["<class 'numpy.float32'>", "<class 'numpy.float64'>"], "mean": [6.671004999816432e-05, 8.944840983978613e-05], "spread": [1.0339999999999972e-06, 1.101500000000003e-06]}, "bench_linalg.Einsum.time_einsum_noncon_outer": {"params": ["<class 'numpy.float32'>", "<class 'numpy.float64'>"], "mean": [0.0028056335000655967, 0.006134100000053877], "spread": [0.00014369999999999986, 0.0003550000000000003]}, "bench_linalg.Einsum.time_einsum_noncon_sum_mul": {"params": ["<class 'numpy.float32'>", "<class 'numpy.float64'>"], "mean": [6.598520658208472e-05, 4.46305661461398e-05], "spread": [1.191999999999998e-06, 8.154999999999992e-07]}, "bench_linalg.Einsum.time_einsum_noncon_sum_mul2": {"params": ["<class 'numpy.float32'>", "<class 'numpy.float64'>"], "mean": [6.687988750400108e-05, 4.451998799777357e-05], "spread": [1.4644999999999993e-06, 3.4150000000000003e-07]}, "bench_linalg.Einsum.time_einsum_outer": {"params": ["<class 'numpy.float32'>", "<class 'numpy.float64'>"], "mean": [0.015521606999755022, 0.029001251499721548], "spread": [0.00016400000000000095, 0.0001570000000000009]}, "bench_linalg.Einsum.time_einsum_sum_mul": {"params": ["<class 'numpy.float32'>", "<class 'numpy.float64'>"], "mean": [3.9844212234201344e-05, 3.48996506417256e-05], "spread": [2.305000000000006e-07, 2.71499999999999e-07]}, "bench_linalg.Einsum.time_einsum_sum_mul2": {"params": ["<class 'numpy.float32'>", "<class 'numpy.float64'>"], "mean": [4.032259479924157e-05, 3.5288788461539065e-05], "spread": [2.590000000000021e-07, 2.740000000000011e-07]}, "bench_linalg.LinAlgTransposeVdot.time_transpose": {"params": ["(32, 32)", "(64, 64)", "(128, 128)"], "mean": [7.507202017445682e-07, 7.528487707641253e-07, 7.514609107505854e-07], "spread": [1.0449999999999938e-09, 8.849999999999712e-10, 1.1249999999999786e-09]}, "bench_linalg.LinAlgTransposeVdot.time_vdot": {"params": ["(32, 32)", "(64, 64)", "(128, 128)"], "mean": [1.8938706048923254e-06, 5.41035994033226e-06, 2.2443857554044453e-06], "spread": [6.200000000000042e-09, 1.879999999999972e-08, 1.0300000000000139e-08]}, "bench_linalg.Linalg.time_det": {"params": ["'complex128'", "'complex64'", "'float32'", "'float64'", "'int16'", "'int32'", "'int64'"], "mean": [0.29111389750050876, 0.293663571000252, 0.04809840700090717, 0.0470390310001676, 0.04851772349957173, 0.04835465399901295, 0.048612221999064786], "spread": [0.0013100000000000056, 0.0003150000000000097, 0.0002004999999999993, 0.00017599999999999907, 0.00021849999999999994, 0.00017, 0.0002434999999999972]}, "bench_linalg.Linalg.time_pinv": {"params": ["'complex128'", "'complex64'", "'float32'", "'float64'", "'int16'", "'int32'", "'int64'"], "mean": [4.121723402499811, 3.5526701139997385, 0.8480914629999461, 0.8902486879997014, 0.8898329890007517, 0.89657330099908, 0.8926183245002903], "spread": [0.002650000000000041, 0.000600000000000156, 0.002970000000000028, 0.0010850000000000026, 0.0029799999999999827, 0.0005000000000000004, 0.003300000000000025]}, "bench_linalg.Linalg.time_svd": {"params": ["'complex128'", "'complex64'", "'float32'", "'float64'", "'int16'", "'int32'", "'int64'"], "mean": [3.3314188894992185, 3.3357228760005455, 0.7872447385007035, 0.7799215814993659, 0.7907570724992183, 0.791693533000398, 0.7842724304991862], "spread": [0.0029000000000001247, 0.003349999999999964, 0.0036800000000000166, 0.00299499999999997, 0.0010950000000000126, 0.0018549999999999955, 0.004510000000000014]}, "bench_linalg.LinalgNorm.time_norm": {"params": ["'int16'", "'float16'", "'int32'", "'float32'", "'int64'", "'float64'", "'complex64'", "'complex128'"], "mean": [0.001812301750002613, 0.0042660248333656154, 0.001808338666705822, 0.0005402703421312157, 0.0018324695832537448, 0.0010886269000366156, 0.0021158630999707382, 0.0035762506668106653],