{"params": {"arch": "x86_64", "cpu": "Intel(R) Xeon(R) Platinum 8259CL CPU @ 2.50GHz", "machine": "ip-172-31-25-34", "num_cpu": "2", "os": "Linux 6.8.0-1009-aws", "ram": "8008640", "python": "3.12", "Cython": "", "build": "", "packaging": ""}, "results": {"bench_linalg.Eindot.time_dot_a_b": {"spread": 0.0019800000000000373, "mean": 0.5524237634999736, "params": []}, "bench_linalg.Eindot.time_dot_d_dot_b_c": {"spread": 4.025000000000014e-05, "mean": 0.002185050416604402, "params": []}, "bench_linalg.Eindot.time_dot_trans_a_at": {"spread": 0.0003604999999999997, "mean": 0.07122786550098681, "params": []}, "bench_linalg.Eindot.time_dot_trans_a_atc": {"spread": 0.0007299999999999945, "mean": 0.1384828620011831, "params": []}, "bench_linalg.Eindot.time_dot_trans_at_a": {"spread": 0.0013000000000000095, "mean": 0.19362507400092, "params": []}, "bench_linalg.Eindot.time_dot_trans_atc_a": {"spread": 0.001794999999999991, "mean": 0.36786527250023937, "params": []}, "bench_linalg.Eindot.time_einsum_i_ij_j": {"spread": 1.7999999999999787e-05, "mean": 0.010392826499810326, "params": []}, "bench_linalg.Eindot.time_einsum_ij_jk_a_b": {"spread": 0.0050000000000000044, "mean": 1.4975379420002355, "params": []}, "bench_linalg.Eindot.time_einsum_ijk_jil_kl": {"spread": 0.007280000000000009, "mean": 0.9730562289996669, "params": []}, "bench_linalg.Eindot.time_inner_trans_a_a": {"spread": 0.00022799999999999904, "mean": 0.07107315299981565, "params": []}, "bench_linalg.Eindot.time_inner_trans_a_ac": {"spread": 0.0003000000000000086, "mean": 0.1370919880000656, "params": []}, "bench_linalg.Eindot.time_matmul_a_b": {"spread": 0.0014699999999999713, "mean": 0.5498512260001007, "params": []}, "bench_linalg.Eindot.time_matmul_d_matmul_b_c": {"spread": 5.4299999999999965e-05, "mean": 0.002257542000127917, "params": []}, "bench_linalg.Eindot.time_matmul_trans_a_at": {"spread": 0.0005985000000000018, "mean": 0.07075234099920635, "params": []}, "bench_linalg.Eindot.time_matmul_trans_a_atc": {"spread": 0.00044500000000000095, "mean": 0.1378520545003994, "params": []}, "bench_linalg.Eindot.time_matmul_trans_at_a": {"spread": 0.0013400000000000079, "mean": 0.19113873150035943, "params": []}, "bench_linalg.Eindot.time_matmul_trans_atc_a": {"spread": 0.0007999999999999952, "mean": 0.36424245350099227, "params": []}, "bench_linalg.Eindot.time_tensordot_a_b_axes_1_0_0_1": {"spread": 0.0002459999999999962, "mean": 0.09475284299969644, "params": []}, "bench_linalg.Einsum.time_einsum_contig_contig": {"params": ["<class 'numpy.float32'>", "<class 'numpy.float64'>"], "mean": [0.0001080576407774555, 0.00019322466980740055], "spread": [4.59999999999999e-07, 4.564999999999994e-06]}, "bench_linalg.Einsum.time_einsum_contig_outstride0": {"params": ["<class 'numpy.float32'>", "<class 'numpy.float64'>"], "mean": [0.00011230214947796205, 0.00019873512500063431], "spread": [8.800000000000051e-07, 1.4949999999999984e-06]}, "bench_linalg.Einsum.time_einsum_mul": {"params": ["<class 'numpy.float32'>", "<class 'numpy.float64'>"], "mean": [0.0007478735333279474, 0.0005942685833259828], "spread": [3.301999999999998e-05, 3.179499999999999e-05]}, "bench_linalg.Einsum.time_einsum_multiply": {"params": ["<class 'numpy.float32'>", "<class 'numpy.float64'>"], "mean": [5.016015837108216e-05, 5.710591025816915e-05], "spread": [8.109999999999995e-07, 3.4999999999999834e-07]}, "bench_linalg.Einsum.time_einsum_noncon_contig_contig": {"params": ["<class 'numpy.float32'>", "<class 'numpy.float64'>"], "mean": [2.5156709789434836e-05, 2.5782636904685724e-05], "spread": [4.550000000000151e-08, 1.1499999999999975e-07]}, "bench_linalg.Einsum.time_einsum_noncon_contig_outstride0": {"params": ["<class 'numpy.float32'>", "<class 'numpy.float64'>"], "mean": [1.8584927957891175e-05, 1.8867247738904604e-05], "spread": [1.0849999999999905e-07, 8.399999999999953e-08]}, "bench_linalg.Einsum.time_einsum_noncon_mul": {"params": ["<class 'numpy.float32'>", "<class 'numpy.float64'>"], "mean": [2.594118090447734e-05, 2.4934346679640984e-05], "spread": [4.2000000000000614e-08, 2.950000000000014e-07]}, "bench_linalg.Einsum.time_einsum_noncon_multiply": {"params": ["<class 'numpy.float32'>", "<class 'numpy.float64'>"], "mean": [6.70565030359836e-05, 8.906669758025306e-05], "spread": [8.665000000000026e-07, 9.69499999999998e-07]}, "bench_linalg.Einsum.time_einsum_noncon_outer": {"params": ["<class 'numpy.float32'>", "<class 'numpy.float64'>"], "mean": [0.0027114212000014957, 0.006022416999712732], "spread": [0.00012509999999999995, 0.00032445]}, "bench_linalg.Einsum.time_einsum_noncon_sum_mul": {"params": ["<class 'numpy.float32'>", "<class 'numpy.float64'>"], "mean": [6.602249358459233e-05, 4.46152250960261e-05], "spread": [1.0869999999999982e-06, 6.204999999999985e-07]}, "bench_linalg.Einsum.time_einsum_noncon_sum_mul2": {"params": ["<class 'numpy.float32'>", "<class 'numpy.float64'>"], "mean": [6.603359696865399e-05, 4.47215040481302e-05], "spread": [1.0860000000000028e-06, 3.6899999999999935e-07]}, "bench_linalg.Einsum.time_einsum_outer": {"params": ["<class 'numpy.float32'>", "<class 'numpy.float64'>"], "mean": [0.015160898500653275, 0.02844941249986732], "spread": [0.0002934999999999995, 0.00039400000000000025]}, "bench_linalg.Einsum.time_einsum_sum_mul": {"params": ["<class 'numpy.float32'>", "<class 'numpy.float64'>"], "mean": [3.9657141507014565e-05, 3.528951553070899e-05], "spread": [2.749999999999999e-07, 3.4699999999999854e-07]}, "bench_linalg.Einsum.time_einsum_sum_mul2": {"params": ["<class 'numpy.float32'>", "<class 'numpy.float64'>"], "mean": [4.0380510868551255e-05, 3.525631743322696e-05], "spread": [5.460000000000012e-07, 3.7849999999999985e-07]}, "bench_linalg.LinAlgTransposeVdot.time_transpose": {"params": ["(32, 32)", "(64, 64)", "(128, 128)"], "mean": [7.539622472324594e-07, 7.538802956620537e-07, 7.534976614480158e-07], "spread": [1.0699999999999957e-09, 1.0599999999999843e-09, 3.100000000000339e-10]}, "bench_linalg.LinAlgTransposeVdot.time_vdot": {"params": ["(32, 32)", "(64, 64)", "(128, 128)"], "mean": [1.9133173805695482e-06, 5.415019269231517e-06, 2.223557025829975e-06], "spread": [6.899999999999883e-09, 1.2100000000000274e-08, 1.6750000000000094e-08]}, "bench_linalg.Linalg.time_det": {"params": ["'complex128'", "'complex64'", "'float32'", "'float64'", "'int16'", "'int32'", "'int64'"], "mean": [0.35396934100026556, 0.3585895309997795, 0.09062100549999741, 0.08935612399909587, 0.09102054050072184, 0.09122464199936076, 0.09106700800020917], "spread": [0.0006450000000000067, 0.0007999999999999952, 0.0003569999999999962, 0.0008085000000000037, 0.0001275000000000026, 0.0002165000000000014, 0.00020649999999999835]}, "bench_linalg.Linalg.time_pinv": {"params": ["'complex128'", "'complex64'", "'float32'", "'float64'", "'int16'", "'int32'", "'int64'"], "mean": [4.535307575499246, 3.9576233335001234, 1.2082195535003848, 1.3266482520002683, 1.33119521000026, 1.335408975500286, 1.3314994335005395], "spread": [0.005450000000000177, 0.0020999999999999908, 0.0011499999999999844, 0.0020000000000000018, 0.0010999999999999899, 0.0018000000000000238, 0.0039000000000000146]}, "bench_linalg.Linalg.time_svd": {"params": ["'complex128'", "'complex64'", "'float32'", "'float64'", "'int16'", "'int32'", "'int64'"], "mean": [3.5502068085006613, 3.553393081499962, 1.0959751200007304, 1.0836030639993623, 1.0916823729994576, 1.0921322089998284, 1.091313621500376], "spread": [0.0012499999999999734, 0.0019000000000000128, 0.003249999999999975, 0.0020999999999999908, 0.0018000000000000238, 0.0008500000000000174, 0.0010999999999999899]}, "bench_linalg.LinalgNorm.time_norm": {"params": ["'int16'", "'float16'", "'int32'", "'float32'", "'int64'", "'float64'", "'complex64'", "'complex128'"], "mean": [0.0010732754000855492, 0.004254631833343107, 0.0010748671499641203, 0.0005505943684654898, 0.0012110576665994206, 0.0010477460499714653, 0.003439949666850832, 0.004108402666436936],