{"params": {"arch": "x86_64", "cpu": "Intel(R) Xeon(R) Platinum 8259CL CPU @ 2.50GHz", "machine": "asv machine", "num_cpu": "2", "os": "Linux 6.8.0-1009-aws", "ram": "8008632", "python": "3.12", "Cython": "", "build": "", "packaging": ""}, "results": {"bench_linalg.Eindot.time_dot_a_b": {"spread": 0.0009099999999999664, "mean": 0.5499383609994766, "params": []}, "bench_linalg.Eindot.time_dot_d_dot_b_c": {"spread": 4.974999999999999e-05, "mean": 0.001919780571370211, "params": []}, "bench_linalg.Eindot.time_dot_trans_a_at": {"spread": 0.0001840000000000036, "mean": 0.07090058949961531, "params": []}, "bench_linalg.Eindot.time_dot_trans_a_atc": {"spread": 0.0004250000000000087, "mean": 0.13807356449979125, "params": []}, "bench_linalg.Eindot.time_dot_trans_at_a": {"spread": 0.0004899999999999904, "mean": 0.19094150600085413, "params": []}, "bench_linalg.Eindot.time_dot_trans_atc_a": {"spread": 0.0012749999999999984, "mean": 0.36615047000032064, "params": []}, "bench_linalg.Eindot.time_einsum_i_ij_j": {"spread": 6.000000000000016e-05, "mean": 0.010333061999972415, "params": []}, "bench_linalg.Eindot.time_einsum_ij_jk_a_b": {"spread": 0.022199999999999998, "mean": 1.232427716499842, "params": []}, "bench_linalg.Eindot.time_einsum_ijk_jil_kl": {"spread": 0.007310000000000039, "mean": 0.9696876700008943, "params": []}, "bench_linalg.Eindot.time_inner_trans_a_a": {"spread": 0.00025999999999999635, "mean": 0.0707339549999233, "params": []}, "bench_linalg.Eindot.time_inner_trans_a_ac": {"spread": 0.00011499999999999011, "mean": 0.13659877199916082, "params": []}, "bench_linalg.Eindot.time_matmul_a_b": {"spread": 0.0006249999999999867, "mean": 0.5488051550000819, "params": []}, "bench_linalg.Eindot.time_matmul_d_matmul_b_c": {"spread": 3.65500000000001e-05, "mean": 0.0019180914999066903, "params": []}, "bench_linalg.Eindot.time_matmul_trans_a_at": {"spread": 0.00011150000000000049, "mean": 0.07042324099984398, "params": []}, "bench_linalg.Eindot.time_matmul_trans_a_atc": {"spread": 0.0004800000000000082, "mean": 0.13809689000026992, "params": []}, "bench_linalg.Eindot.time_matmul_trans_at_a": {"spread": 0.0009699999999999986, "mean": 0.1888168420000511, "params": []}, "bench_linalg.Eindot.time_matmul_trans_atc_a": {"spread": 0.001464999999999994, "mean": 0.36429378150023695, "params": []}, "bench_linalg.Eindot.time_tensordot_a_b_axes_1_0_0_1": {"spread": 0.00038150000000000683, "mean": 0.09440463999999338, "params": []}, "bench_linalg.Einsum.time_einsum_contig_contig": {"params": ["<class 'numpy.float32'>", "<class 'numpy.float64'>"], "mean": [0.0001078758861406794, 0.00019768311320595393], "spread": [3.9499999999999876e-07, 2.699999999999998e-06]}, "bench_linalg.Einsum.time_einsum_contig_outstride0": {"params": ["<class 'numpy.float32'>", "<class 'numpy.float64'>"], "mean": [0.00011407401562261535, 0.00019753912727703043], "spread": [2.700000000000025e-07, 1.0200000000000004e-06]}, "bench_linalg.Einsum.time_einsum_mul": {"params": ["<class 'numpy.float32'>", "<class 'numpy.float64'>"], "mean": [0.0007371129999834618, 0.0005864343333491383], "spread": [3.359000000000001e-05, 2.840999999999998e-05]}, "bench_linalg.Einsum.time_einsum_multiply": {"params": ["<class 'numpy.float32'>", "<class 'numpy.float64'>"], "mean": [5.096204347574857e-05, 5.596988918001706e-05], "spread": [6.145000000000023e-07, 8.634999999999994e-07]}, "bench_linalg.Einsum.time_einsum_noncon_contig_contig": {"params": ["<class 'numpy.float32'>", "<class 'numpy.float64'>"], "mean": [2.5694188679462626e-05, 2.6404686250316447e-05], "spread": [7.550000000000123e-08, 1.1349999999999985e-07]}, "bench_linalg.Einsum.time_einsum_noncon_contig_outstride0": {"params": ["<class 'numpy.float32'>", "<class 'numpy.float64'>"], "mean": [1.9014061946809225e-05, 1.9259895160950207e-05], "spread": [5.0499999999998924e-08, 6.849999999999943e-08]}, "bench_linalg.Einsum.time_einsum_noncon_mul": {"params": ["<class 'numpy.float32'>", "<class 'numpy.float64'>"], "mean": [2.644990267527843e-05, 2.491078074476433e-05], "spread": [1.8849999999999997e-07, 9.649999999999984e-08]}, "bench_linalg.Einsum.time_einsum_noncon_multiply": {"params": ["<class 'numpy.float32'>", "<class 'numpy.float64'>"], "mean": [6.763780838483144e-05, 9.041178925918975e-05], "spread": [7.88500000000001e-07, 1.0284999999999987e-06]}, "bench_linalg.Einsum.time_einsum_noncon_outer": {"params": ["<class 'numpy.float32'>", "<class 'numpy.float64'>"], "mean": [0.002468477500042354, 0.0046251993332286166], "spread": [0.00012245000000000008, 0.00024624999999999994]}, "bench_linalg.Einsum.time_einsum_noncon_sum_mul": {"params": ["<class 'numpy.float32'>", "<class 'numpy.float64'>"], "mean": [6.675223006365679e-05, 4.43172974718041e-05], "spread": [9.060000000000012e-07, 3.3649999999999923e-07]}, "bench_linalg.Einsum.time_einsum_noncon_sum_mul2": {"params": ["<class 'numpy.float32'>", "<class 'numpy.float64'>"], "mean": [6.844823312985123e-05, 4.4843386359757424e-05], "spread": [9.229999999999978e-07, 5.504999999999975e-07]}, "bench_linalg.Einsum.time_einsum_outer": {"params": ["<class 'numpy.float32'>", "<class 'numpy.float64'>"], "mean": [0.012265561000276648, 0.025134532000265608], "spread": [0.00021400000000000065, 0.00047950000000000076]}, "bench_linalg.Einsum.time_einsum_sum_mul": {"params": ["<class 'numpy.float32'>", "<class 'numpy.float64'>"], "mean": [4.012844117837363e-05, 3.5143157192487405e-05], "spread": [3.0799999999999773e-07, 3.7049999999999925e-07]}, "bench_linalg.Einsum.time_einsum_sum_mul2": {"params": ["<class 'numpy.float32'>", "<class 'numpy.float64'>"], "mean": [4.0928354782382114e-05, 3.539074838749178e-05], "spread": [4.0100000000000175e-07, 4.605000000000001e-07]}, "bench_linalg.LinAlgTransposeVdot.time_transpose": {"params": ["(32, 32)", "(64, 64)", "(128, 128)"], "mean": [7.671362981239997e-07, 7.565134000035404e-07, 7.675094281749595e-07], "spread": [4.3500000000004327e-10, 5.175000000000018e-09, 5.944999999999991e-09]}, "bench_linalg.LinAlgTransposeVdot.time_vdot": {"params": ["(32, 32)", "(64, 64)", "(128, 128)"], "mean": [1.951337832807204e-06, 5.4402452547805435e-06, 2.272767172523904e-06], "spread": [3.2000000000000287e-09, 1.1199999999999994e-08, 1.2199999999999858e-08]}, "bench_linalg.Linalg.time_det": {"params": ["'complex128'", "'complex64'", "'float32'", "'float64'", "'int16'", "'int32'", "'int64'"], "mean": [0.3523420065002938, 0.35495553749933606, 0.08966782400057127, 0.08865791599964723, 0.08964702000048419, 0.08996714099976089, 0.08993806849957764], "spread": [0.0003650000000000042, 0.0007200000000000262, 0.0002344999999999986, 0.00018749999999999323, 0.0002679999999999974, 6.149999999999906e-05, 0.00014799999999999536]}, "bench_linalg.Linalg.time_pinv": {"params": ["'complex128'", "'complex64'", "'float32'", "'float64'", "'int16'", "'int32'", "'int64'"], "mean": [4.495513450000544, 3.925458678500945, 1.1975989504999234, 1.3153485109996836, 1.3206485579994478, 1.3202172834999146, 1.3193969519998063], "spread": [0.0013999999999998458, 0.0020000000000000018, 0.00044999999999995044, 0.0018999999999999018, 0.0011499999999999844, 0.0009000000000000119, 0.0017000000000000348]}, "bench_linalg.Linalg.time_svd": {"params": ["'complex128'", "'complex64'", "'float32'", "'float64'", "'int16'", "'int32'", "'int64'"], "mean": [3.5171181034993424, 3.521971396999106, 1.0809359849999964, 1.0787754054999823, 1.0799371299990526, 1.0798656819997632, 1.081319598999471], "spread": [0.0018000000000000238, 0.0010999999999998789, 0.0021499999999999853, 0.0010499999999999954, 0.0013000000000000789, 0.0010999999999999899, 0.0007000000000000339]}, "bench_linalg.LinalgNorm.time_norm": {"params": ["'int16'", "'float16'", "'int32'", "'float32'", "'int64'", "'float64'", "'complex64'", "'complex128'"], "mean": [0.0010755268999673717, 0.0042175213335819235, 0.0010746064999693772, 0.0005688898055874839, 0.0011489240000123067, 0.0010281217999363434, 0.0033366526249665185, 0.003414084333295856],