{"params": {"arch": "x86_64", "cpu": "Intel(R) Xeon(R) Platinum 8259CL CPU @ 2.50GHz", "machine": "asv machine", "num_cpu": "2", "os": "Linux 6.8.0-1009-aws", "ram": "8008632", "python": "3.12", "Cython": "", "build": "", "packaging": ""}, "results": {"bench_linalg.Eindot.time_dot_a_b": {"spread": 0.0005349999999999799, "mean": 0.43968796050012315, "params": []}, "bench_linalg.Eindot.time_dot_d_dot_b_c": {"spread": 3.235e-05, "mean": 0.0019227083570772913, "params": []}, "bench_linalg.Eindot.time_dot_trans_a_at": {"spread": 0.00021750000000000241, "mean": 0.06265908050045255, "params": []}, "bench_linalg.Eindot.time_dot_trans_a_atc": {"spread": 0.00048000000000000126, "mean": 0.11050204549883347, "params": []}, "bench_linalg.Eindot.time_dot_trans_at_a": {"spread": 0.0006149999999999906, "mean": 0.15617874050076352, "params": []}, "bench_linalg.Eindot.time_dot_trans_atc_a": {"spread": 0.00038499999999999646, "mean": 0.2958061715007716, "params": []}, "bench_linalg.Eindot.time_einsum_i_ij_j": {"spread": 5.4999999999999494e-05, "mean": 0.010380775500379968, "params": []}, "bench_linalg.Eindot.time_einsum_ij_jk_a_b": {"spread": 0.0242, "mean": 1.2245325530002447, "params": []}, "bench_linalg.Eindot.time_einsum_ijk_jil_kl": {"spread": 0.0046599999999999975, "mean": 0.9667966075012373, "params": []}, "bench_linalg.Eindot.time_inner_trans_a_a": {"spread": 0.00017099999999999754, "mean": 0.0627825555002346, "params": []}, "bench_linalg.Eindot.time_inner_trans_a_ac": {"spread": 8.99999999999998e-05, "mean": 0.11007444800088706, "params": []}, "bench_linalg.Eindot.time_matmul_a_b": {"spread": 0.0004149999999999987, "mean": 0.43904777749958157, "params": []}, "bench_linalg.Eindot.time_matmul_d_matmul_b_c": {"spread": 3.2599999999999925e-05, "mean": 0.001909546785619958, "params": []}, "bench_linalg.Eindot.time_matmul_trans_a_at": {"spread": 0.00025450000000000125, "mean": 0.062368846500248765, "params": []}, "bench_linalg.Eindot.time_matmul_trans_a_atc": {"spread": 0.00021000000000000185, "mean": 0.10996935250022943, "params": []}, "bench_linalg.Eindot.time_matmul_trans_at_a": {"spread": 0.00038499999999999646, "mean": 0.1538711240000339, "params": []}, "bench_linalg.Eindot.time_matmul_trans_atc_a": {"spread": 0.0002550000000000052, "mean": 0.2933624335000786, "params": []}, "bench_linalg.Eindot.time_tensordot_a_b_axes_1_0_0_1": {"spread": 0.00033249999999999946, "mean": 0.08075777299927722, "params": []}, "bench_linalg.Einsum.time_einsum_contig_contig": {"params": ["<class 'numpy.float32'>", "<class 'numpy.float64'>"], "mean": [0.00010806312254727327, 0.00019634270908930129], "spread": [6.549999999999997e-07, 3.715000000000001e-06]}, "bench_linalg.Einsum.time_einsum_contig_outstride0": {"params": ["<class 'numpy.float32'>", "<class 'numpy.float64'>"], "mean": [0.00011396190104543771, 0.0001991193749885357], "spread": [5.499999999999998e-07, 1.295000000000007e-06]}, "bench_linalg.Einsum.time_einsum_mul": {"params": ["<class 'numpy.float32'>", "<class 'numpy.float64'>"], "mean": [0.0007386962000358228, 0.0005883358888543928], "spread": [3.5884999999999986e-05, 2.7100000000000008e-05]}, "bench_linalg.Einsum.time_einsum_multiply": {"params": ["<class 'numpy.float32'>", "<class 'numpy.float64'>"], "mean": [5.057091273144733e-05, 5.65334056105081e-05], "spread": [3.7199999999999915e-07, 3.9849999999999966e-07]}, "bench_linalg.Einsum.time_einsum_noncon_contig_contig": {"params": ["<class 'numpy.float32'>", "<class 'numpy.float64'>"], "mean": [2.493876643942684e-05, 2.5598781176086052e-05], "spread": [1.3834999999999995e-06, 5.750000000000072e-08]}, "bench_linalg.Einsum.time_einsum_noncon_contig_outstride0": {"params": ["<class 'numpy.float32'>", "<class 'numpy.float64'>"], "mean": [1.8984609540132208e-05, 1.9203481316962427e-05], "spread": [1.4050000000000145e-07, 1.1799999999999955e-07]}, "bench_linalg.Einsum.time_einsum_noncon_mul": {"params": ["<class 'numpy.float32'>", "<class 'numpy.float64'>"], "mean": [2.649109024432397e-05, 2.5087139080312028e-05], "spread": [1.2600000000000015e-07, 2.250000000000004e-07]}, "bench_linalg.Einsum.time_einsum_noncon_multiply": {"params": ["<class 'numpy.float32'>", "<class 'numpy.float64'>"], "mean": [6.71881392388715e-05, 8.962576033478729e-05], "spread": [4.724999999999993e-07, 4.0099999999999836e-07]}, "bench_linalg.Einsum.time_einsum_noncon_outer": {"params": ["<class 'numpy.float32'>", "<class 'numpy.float64'>"], "mean": [0.002430252199883398, 0.004833695833440288], "spread": [0.00010224999999999991, 0.00019479999999999975]}, "bench_linalg.Einsum.time_einsum_noncon_sum_mul": {"params": ["<class 'numpy.float32'>", "<class 'numpy.float64'>"], "mean": [6.662879192466654e-05, 4.46132351772026e-05], "spread": [1.0420000000000012e-06, 2.579999999999999e-07]}, "bench_linalg.Einsum.time_einsum_noncon_sum_mul2": {"params": ["<class 'numpy.float32'>", "<class 'numpy.float64'>"], "mean": [6.762775588225957e-05, 4.407886234572207e-05], "spread": [1.1450000000000034e-06, 3.26500000000001e-07]}, "bench_linalg.Einsum.time_einsum_outer": {"params": ["<class 'numpy.float32'>", "<class 'numpy.float64'>"], "mean": [0.011888861999977962, 0.024996572500640468], "spread": [0.00012549999999999974, 0.00020449999999999982]}, "bench_linalg.Einsum.time_einsum_sum_mul": {"params": ["<class 'numpy.float32'>", "<class 'numpy.float64'>"], "mean": [4.0038557969729894e-05, 3.5382970198898326e-05], "spread": [3.6500000000000074e-07, 2.1400000000000168e-07]}, "bench_linalg.Einsum.time_einsum_sum_mul2": {"params": ["<class 'numpy.float32'>", "<class 'numpy.float64'>"], "mean": [4.0907128157952735e-05, 3.545010033097864e-05], "spread": [5.264999999999991e-07, 4.649999999999998e-07]}, "bench_linalg.LinAlgTransposeVdot.time_transpose": {"params": ["(32, 32)", "(64, 64)", "(128, 128)"], "mean": [7.501377331880445e-07, 7.505822256267812e-07, 7.637350412677475e-07], "spread": [1.5000000000000068e-09, 5.450000000000092e-10, 1.4730000000000027e-08]}, "bench_linalg.LinAlgTransposeVdot.time_vdot": {"params": ["(32, 32)", "(64, 64)", "(128, 128)"], "mean": [1.9401409132512418e-06, 5.4689655698433556e-06, 2.2686328837651415e-06], "spread": [3.2499999999999265e-09, 1.214999999999996e-08, 4.2999999999998995e-09]}, "bench_linalg.Linalg.time_det": {"params": ["'complex128'", "'complex64'", "'float32'", "'float64'", "'int16'", "'int32'", "'int64'"], "mean": [0.3067892734989073, 0.3088368540002193, 0.07825197150032182, 0.07704071850002947, 0.07834134699987771, 0.07829579550070775, 0.07873411500077054], "spread": [0.0009450000000000014, 0.0003250000000000197, 0.0003594999999999987, 0.00016099999999999448, 0.00047599999999999726, 7.100000000000162e-05, 0.00020950000000000135]}, "bench_linalg.Linalg.time_pinv": {"params": ["'complex128'", "'complex64'", "'float32'", "'float64'", "'int16'", "'int32'", "'int64'"], "mean": [4.558159558000625, 4.15889684549893, 1.1112857370007987, 1.2006915105002918, 1.2050958209993041, 1.2044809725002779, 1.20677788050034], "spread": [0.0032999999999998586, 0.0009000000000001229, 0.0021999999999999797, 0.0020000000000000018, 0.0009500000000000064, 0.0014499999999999513, 0.0023000000000000798]}, "bench_linalg.Linalg.time_svd": {"params": ["'complex128'", "'complex64'", "'float32'", "'float64'", "'int16'", "'int32'", "'int64'"], "mean": [3.7747177950004698, 3.7765938479997203, 1.0081335004997527, 1.004393999000058, 1.0102165204998528, 1.0110246865006047, 1.0092416745001174], "spread": [0.0010999999999998789, 0.0030000000000001137, 0.0023499999999999632, 0.0009000000000000119, 0.0020499999999999963, 0.0007500000000000284, 0.0011999999999999789]}, "bench_linalg.LinalgNorm.time_norm": {"params": ["'int16'", "'float16'", "'int32'", "'float32'", "'int64'", "'float64'", "'complex64'", "'complex128'"], "mean": [0.0017269229168353681, 0.004221641833282774, 0.0017113038332657502, 0.0005659303684105428, 0.001709722833311389, 0.0010670672500964428, 0.0020374191000883, 0.003049221875016883],