{"params": {"arch": "x86_64", "cpu": "Intel(R) Xeon(R) Platinum 8259CL CPU @ 2.50GHz", "machine": "asv machine", "num_cpu": "2", "os": "Linux 6.8.0-1009-aws", "ram": "8008632", "python": "3.12", "Cython": "", "build": "", "packaging": ""}, "results": {"bench_linalg.Eindot.time_dot_a_b": {"spread": 0.0006400000000000017, "mean": 0.13284987849965546, "params": []}, "bench_linalg.Eindot.time_dot_d_dot_b_c": {"spread": 3.280000000000004e-05, "mean": 0.0016993611251336915, "params": []}, "bench_linalg.Eindot.time_dot_trans_a_at": {"spread": 4.2999999999999636e-05, "mean": 0.020594423500369885, "params": []}, "bench_linalg.Eindot.time_dot_trans_a_atc": {"spread": 0.00010449999999999696, "mean": 0.03364386500015826, "params": []}, "bench_linalg.Eindot.time_dot_trans_at_a": {"spread": 0.0006439999999999987, "mean": 0.05533759399986593, "params": []}, "bench_linalg.Eindot.time_dot_trans_atc_a": {"spread": 0.00037299999999999833, "mean": 0.0880010669989133, "params": []}, "bench_linalg.Eindot.time_einsum_i_ij_j": {"spread": 6.549999999999959e-05, "mean": 0.010349152000344475, "params": []}, "bench_linalg.Eindot.time_einsum_ij_jk_a_b": {"spread": 0.048899999999999944, "mean": 1.2489643965000141, "params": []}, "bench_linalg.Eindot.time_einsum_ijk_jil_kl": {"spread": 0.005760000000000043, "mean": 0.9661271550003221, "params": []}, "bench_linalg.Eindot.time_inner_trans_a_a": {"spread": 6.300000000000056e-05, "mean": 0.020600574499439972, "params": []}, "bench_linalg.Eindot.time_inner_trans_a_ac": {"spread": 0.00014999999999999736, "mean": 0.03349442299986549, "params": []}, "bench_linalg.Eindot.time_matmul_a_b": {"spread": 0.0005000000000000004, "mean": 0.13177647100019385, "params": []}, "bench_linalg.Eindot.time_matmul_d_matmul_b_c": {"spread": 6.859999999999993e-05, "mean": 0.0016868641250766814, "params": []}, "bench_linalg.Eindot.time_matmul_trans_a_at": {"spread": 7.599999999999968e-05, "mean": 0.02019208100045944, "params": []}, "bench_linalg.Eindot.time_matmul_trans_a_atc": {"spread": 7.549999999999918e-05, "mean": 0.03356922399962059, "params": []}, "bench_linalg.Eindot.time_matmul_trans_at_a": {"spread": 0.0005910000000000012, "mean": 0.052289602500422916, "params": []}, "bench_linalg.Eindot.time_matmul_trans_atc_a": {"spread": 0.00044750000000000345, "mean": 0.08568384049976885, "params": []}, "bench_linalg.Eindot.time_tensordot_a_b_axes_1_0_0_1": {"spread": 7.499999999999868e-05, "mean": 0.04204239399950893, "params": []}, "bench_linalg.Einsum.time_einsum_contig_contig": {"params": ["<class 'numpy.float32'>", "<class 'numpy.float64'>"], "mean": [0.00010767085435855354, 0.0001940726981115833], "spread": [3.8499999999999716e-07, 3.144999999999998e-06]}, "bench_linalg.Einsum.time_einsum_contig_outstride0": {"params": ["<class 'numpy.float32'>", "<class 'numpy.float64'>"], "mean": [0.00011279169696839139, 0.00019703403573397997], "spread": [5.55000000000004e-07, 1.2849999999999987e-06]}, "bench_linalg.Einsum.time_einsum_mul": {"params": ["<class 'numpy.float32'>", "<class 'numpy.float64'>"], "mean": [0.0007420952000150767, 0.0005920667777496015], "spread": [3.2174999999999955e-05, 2.3809999999999977e-05]}, "bench_linalg.Einsum.time_einsum_multiply": {"params": ["<class 'numpy.float32'>", "<class 'numpy.float64'>"], "mean": [5.008004279204158e-05, 5.59857230771927e-05], "spread": [4.93999999999999e-07, 3.9549999999999986e-07]}, "bench_linalg.Einsum.time_einsum_noncon_contig_contig": {"params": ["<class 'numpy.float32'>", "<class 'numpy.float64'>"], "mean": [2.487956436647667e-05, 2.5578671023846912e-05], "spread": [1.1050000000000004e-07, 7.200000000000033e-08]}, "bench_linalg.Einsum.time_einsum_noncon_contig_outstride0": {"params": ["<class 'numpy.float32'>", "<class 'numpy.float64'>"], "mean": [1.8425341026407757e-05, 1.8678711965813453e-05], "spread": [9.900000000000024e-08, 8.500000000000003e-08]}, "bench_linalg.Einsum.time_einsum_noncon_mul": {"params": ["<class 'numpy.float32'>", "<class 'numpy.float64'>"], "mean": [2.5839130120654873e-05, 2.4408656730920243e-05], "spread": [1.2499999999999965e-07, 1.6700000000000026e-07]}, "bench_linalg.Einsum.time_einsum_noncon_multiply": {"params": ["<class 'numpy.float32'>", "<class 'numpy.float64'>"], "mean": [6.673204687785983e-05, 8.925279338700044e-05], "spread": [9.819999999999984e-07, 8.725000000000022e-07]}, "bench_linalg.Einsum.time_einsum_noncon_outer": {"params": ["<class 'numpy.float32'>", "<class 'numpy.float64'>"], "mean": [0.00247970330001408, 0.004554878666567674], "spread": [0.00010325000000000004, 0.00030075000000000024]}, "bench_linalg.Einsum.time_einsum_noncon_sum_mul": {"params": ["<class 'numpy.float32'>", "<class 'numpy.float64'>"], "mean": [6.516556441949064e-05, 4.399133661171095e-05], "spread": [8.530000000000001e-07, 4.900000000000004e-07]}, "bench_linalg.Einsum.time_einsum_noncon_sum_mul2": {"params": ["<class 'numpy.float32'>", "<class 'numpy.float64'>"], "mean": [6.64256968718746e-05, 4.409360311422492e-05], "spread": [5.295000000000023e-07, 2.1550000000000158e-07]}, "bench_linalg.Einsum.time_einsum_outer": {"params": ["<class 'numpy.float32'>", "<class 'numpy.float64'>"], "mean": [0.012084218500604038, 0.025256242999603273], "spread": [0.00013899999999999937, 0.00034900000000000035]}, "bench_linalg.Einsum.time_einsum_sum_mul": {"params": ["<class 'numpy.float32'>", "<class 'numpy.float64'>"], "mean": [3.9316298934734416e-05, 3.508053721751642e-05], "spread": [1.1099999999999945e-07, 2.619999999999985e-07]}, "bench_linalg.Einsum.time_einsum_sum_mul2": {"params": ["<class 'numpy.float32'>", "<class 'numpy.float64'>"], "mean": [4.032955370752865e-05, 3.4654749190446305e-05], "spread": [1.4600000000000165e-07, 1.5150000000000016e-07]}, "bench_linalg.LinAlgTransposeVdot.time_transpose": {"params": ["(32, 32)", "(64, 64)", "(128, 128)"], "mean": [7.486729968280126e-07, 7.518034158267784e-07, 7.493257943196497e-07], "spread": [3.150000000000131e-10, 2.900000000000112e-10, 7.10000000000011e-10]}, "bench_linalg.LinAlgTransposeVdot.time_vdot": {"params": ["(32, 32)", "(64, 64)", "(128, 128)"], "mean": [1.8999294628839811e-06, 5.4257036857367545e-06, 2.2359275348664006e-06], "spread": [1.3449999999999952e-08, 1.490000000000006e-08, 5.949999999999918e-09]}, "bench_linalg.Linalg.time_det": {"params": ["'complex128'", "'complex64'", "'float32'", "'float64'", "'int16'", "'int32'", "'int64'"], "mean": [0.09697431500080711, 0.09937752799851296, 0.030703106499458954, 0.029588802499347366, 0.0308253835000869, 0.030906949999916833, 0.03099924700018164], "spread": [0.0002564999999999998, 0.00013049999999999867, 0.00018350000000000137, 0.00012450000000000135, 2.3999999999999716e-05, 6.100000000000029e-05, 8.749999999999904e-05]}, "bench_linalg.Linalg.time_pinv": {"params": ["'complex128'", "'complex64'", "'float32'", "'float64'", "'int16'", "'int32'", "'int64'"], "mean": [1.6744386274995122, 1.5508621349999885, 0.5963891694991617, 0.6195486095002707, 0.6242150400003084, 0.620971553000345, 0.620394751999811], "spread": [0.00264999999999993, 0.0016500000000000403, 0.0013400000000000079, 0.0016599999999999948, 0.00046000000000001595, 0.0010999999999999899, 0.002145000000000008]}, "bench_linalg.Linalg.time_svd": {"params": ["'complex128'", "'complex64'", "'float32'", "'float64'", "'int16'", "'int32'", "'int64'"], "mean": [1.4341638180003429, 1.4418660455003192, 0.56096386200079, 0.5579148259994327, 0.560283055500804, 0.5645750509993377, 0.5639135495002847], "spread": [0.0014499999999999513, 0.0029000000000000137, 0.0004550000000000387, 0.0017249999999999766, 0.0008400000000000074, 0.0022749999999999715, 0.0013199999999999878]}, "bench_linalg.LinalgNorm.time_norm": {"params": ["'int16'", "'float16'", "'int32'", "'float32'", "'int64'", "'float64'", "'complex64'", "'complex128'"], "mean": [0.0017881494166734533, 0.0042146353334828746, 0.0017677593333852808, 0.0005476362631797153, 0.0017739392499909932, 0.001043231299991021, 0.002024645199890074, 0.0028958222501387354],