{"params": {"arch": "x86_64", "cpu": "Intel(R) Xeon(R) Platinum 8259CL CPU @ 2.50GHz", "machine": "ip-172-31-25-34", "num_cpu": "2", "os": "Linux 6.8.0-1009-aws", "ram": "8008640", "python": "3.12", "Cython": "", "build": "", "packaging": ""}, "results": {"bench_linalg.Eindot.time_dot_a_b": {"spread": 0.0010749999999999926, "mean": 0.5519145775006109, "params": []}, "bench_linalg.Eindot.time_dot_d_dot_b_c": {"spread": 3.435000000000005e-05, "mean": 0.0021878243333048886, "params": []}, "bench_linalg.Eindot.time_dot_trans_a_at": {"spread": 0.00024600000000000316, "mean": 0.07098731350015441, "params": []}, "bench_linalg.Eindot.time_dot_trans_a_atc": {"spread": 0.0005199999999999927, "mean": 0.13826553849958145, "params": []}, "bench_linalg.Eindot.time_dot_trans_at_a": {"spread": 0.0013200000000000017, "mean": 0.19327897550101625, "params": []}, "bench_linalg.Eindot.time_dot_trans_atc_a": {"spread": 0.0004549999999999832, "mean": 0.3675949375001437, "params": []}, "bench_linalg.Eindot.time_einsum_i_ij_j": {"spread": 3.4500000000000676e-05, "mean": 0.010447865999594796, "params": []}, "bench_linalg.Eindot.time_einsum_ij_jk_a_b": {"spread": 0.01759999999999995, "mean": 1.4971242475003237, "params": []}, "bench_linalg.Eindot.time_einsum_ijk_jil_kl": {"spread": 0.007205000000000017, "mean": 0.9674406340000132, "params": []}, "bench_linalg.Eindot.time_inner_trans_a_a": {"spread": 0.0006934999999999997, "mean": 0.07127877699986129, "params": []}, "bench_linalg.Eindot.time_inner_trans_a_ac": {"spread": 0.0005300000000000027, "mean": 0.13702625300084037, "params": []}, "bench_linalg.Eindot.time_matmul_a_b": {"spread": 0.0017599999999999838, "mean": 0.5516660490002323, "params": []}, "bench_linalg.Eindot.time_matmul_d_matmul_b_c": {"spread": 6.904999999999997e-05, "mean": 0.002193328416675892, "params": []}, "bench_linalg.Eindot.time_matmul_trans_a_at": {"spread": 0.0003270000000000009, "mean": 0.07068558600076358, "params": []}, "bench_linalg.Eindot.time_matmul_trans_a_atc": {"spread": 0.00032999999999999696, "mean": 0.13768333850021008, "params": []}, "bench_linalg.Eindot.time_matmul_trans_at_a": {"spread": 0.001229999999999995, "mean": 0.19098513900007674, "params": []}, "bench_linalg.Eindot.time_matmul_trans_atc_a": {"spread": 0.0005350000000000077, "mean": 0.36313062450062716, "params": []}, "bench_linalg.Eindot.time_tensordot_a_b_axes_1_0_0_1": {"spread": 0.00017350000000000004, "mean": 0.094750818000648, "params": []}, "bench_linalg.Einsum.time_einsum_contig_contig": {"params": ["<class 'numpy.float32'>", "<class 'numpy.float64'>"], "mean": [0.0001087666534640628, 0.00019793615095141094], "spread": [8.149999999999981e-07, 1.78e-06]}, "bench_linalg.Einsum.time_einsum_contig_outstride0": {"params": ["<class 'numpy.float32'>", "<class 'numpy.float64'>"], "mean": [0.00011225509278466636, 0.00019815413392214917], "spread": [6.15e-07, 5.34999999999994e-07]}, "bench_linalg.Einsum.time_einsum_mul": {"params": ["<class 'numpy.float32'>", "<class 'numpy.float64'>"], "mean": [0.0007551524999750352, 0.000603638749958514], "spread": [3.539999999999999e-05, 2.5120000000000003e-05]}, "bench_linalg.Einsum.time_einsum_multiply": {"params": ["<class 'numpy.float32'>", "<class 'numpy.float64'>"], "mean": [5.012305405421307e-05, 5.71843840223608e-05], "spread": [3.9399999999999995e-07, 5.364999999999973e-07]}, "bench_linalg.Einsum.time_einsum_noncon_contig_contig": {"params": ["<class 'numpy.float32'>", "<class 'numpy.float64'>"], "mean": [2.4768510440497776e-05, 2.5476880786620178e-05], "spread": [6.450000000000082e-08, 5.200000000000052e-08]}, "bench_linalg.Einsum.time_einsum_noncon_contig_outstride0": {"params": ["<class 'numpy.float32'>", "<class 'numpy.float64'>"], "mean": [1.8739833043503534e-05, 1.909345731542327e-05], "spread": [5.300000000000102e-08, 7.450000000000073e-08]}, "bench_linalg.Einsum.time_einsum_noncon_mul": {"params": ["<class 'numpy.float32'>", "<class 'numpy.float64'>"], "mean": [2.6139813518440778e-05, 2.4891970094737433e-05], "spread": [1.1600000000000024e-07, 2.0999999999999968e-07]}, "bench_linalg.Einsum.time_einsum_noncon_multiply": {"params": ["<class 'numpy.float32'>", "<class 'numpy.float64'>"], "mean": [6.540710908831732e-05, 8.959649600001285e-05], "spread": [1.6284999999999997e-06, 1.1259999999999957e-06]}, "bench_linalg.Einsum.time_einsum_noncon_outer": {"params": ["<class 'numpy.float32'>", "<class 'numpy.float64'>"], "mean": [0.0028286693999689306, 0.006189652749981178], "spread": [0.00012625000000000006, 0.0003589000000000001]}, "bench_linalg.Einsum.time_einsum_noncon_sum_mul": {"params": ["<class 'numpy.float32'>", "<class 'numpy.float64'>"], "mean": [6.600843477956784e-05, 4.400141501773113e-05], "spread": [7.485000000000014e-07, 3.050000000000013e-07]}, "bench_linalg.Einsum.time_einsum_noncon_sum_mul2": {"params": ["<class 'numpy.float32'>", "<class 'numpy.float64'>"], "mean": [6.696210302558912e-05, 4.4711663424718454e-05], "spread": [7.310000000000037e-07, 2.430000000000009e-07]}, "bench_linalg.Einsum.time_einsum_outer": {"params": ["<class 'numpy.float32'>", "<class 'numpy.float64'>"], "mean": [0.015204478499981633, 0.02886372300054063], "spread": [0.0002335000000000002, 0.0002015000000000003]}, "bench_linalg.Einsum.time_einsum_sum_mul": {"params": ["<class 'numpy.float32'>", "<class 'numpy.float64'>"], "mean": [3.961725092082859e-05, 3.4800284811929404e-05], "spread": [3.9900000000000075e-07, 2.35499999999998e-07]}, "bench_linalg.Einsum.time_einsum_sum_mul2": {"params": ["<class 'numpy.float32'>", "<class 'numpy.float64'>"], "mean": [4.079561089815532e-05, 3.515108637898975e-05], "spread": [7.345000000000012e-07, 2.609999999999997e-07]}, "bench_linalg.LinAlgTransposeVdot.time_transpose": {"params": ["(32, 32)", "(64, 64)", "(128, 128)"], "mean": [7.53277590240997e-07, 7.616569345582141e-07, 7.58772282734418e-07], "spread": [4.4500000000000167e-10, 2.469999999999995e-09, 1.7849999999999859e-09]}, "bench_linalg.LinAlgTransposeVdot.time_vdot": {"params": ["(32, 32)", "(64, 64)", "(128, 128)"], "mean": [1.886070203614362e-06, 5.409815749727355e-06, 2.220638894854756e-06], "spread": [5.9500000000000235e-09, 1.4149999999999687e-08, 8.450000000000105e-09]}, "bench_linalg.Linalg.time_det": {"params": ["'complex128'", "'complex64'", "'float32'", "'float64'", "'int16'", "'int32'", "'int64'"], "mean": [0.34980844000074285, 0.35846850349935266, 0.09095761599928665, 0.08902633549951133, 0.09114014150054572, 0.09104754149939254, 0.09138376400005654], "spread": [0.002599999999999991, 0.00035000000000001696, 0.00016599999999999948, 0.00025799999999999434, 0.00032050000000000134, 0.0003405000000000005, 0.00022900000000000004]}, "bench_linalg.Linalg.time_pinv": {"params": ["'complex128'", "'complex64'", "'float32'", "'float64'", "'int16'", "'int32'", "'int64'"], "mean": [4.529055042500659, 3.958163895499638, 1.2054696695013263, 1.325826926499758, 1.3285845385007633, 1.3295727485001407, 1.3297856505005257], "spread": [0.003350000000000186, 0.0014000000000000679, 0.0006999999999999229, 0.0024999999999999467, 0.0010999999999999899, 0.003249999999999975, 0.0028999999999999027]}, "bench_linalg.Linalg.time_svd": {"params": ["'complex128'", "'complex64'", "'float32'", "'float64'", "'int16'", "'int32'", "'int64'"], "mean": [3.5532710559991756, 3.5588809175005736, 1.0886460519996035, 1.0878487729996777, 1.0906802354993488, 1.0888145849994544, 1.090499115000057], "spread": [0.0022999999999999687, 0.0008000000000001339, 0.002850000000000019, 0.00045000000000006146, 0.003149999999999986, 0.0018000000000000238, 0.0016000000000000458]}, "bench_linalg.LinalgNorm.time_norm": {"params": ["'int16'", "'float16'", "'int32'", "'float32'", "'int64'", "'float64'", "'complex64'", "'complex128'"], "mean": [0.0010712007499932951, 0.004233496666226226, 0.001073694400020031, 0.0005528139736749214, 0.0012137343888348872, 0.0010564238499682689, 0.0034955715000251075, 0.00422340799984037],