{"params": {"arch": "x86_64", "cpu": "Intel(R) Xeon(R) Platinum 8259CL CPU @ 2.50GHz", "machine": "ip-172-31-25-34", "num_cpu": "2", "os": "Linux 6.8.0-1009-aws", "ram": "8008640", "python": "3.12", "Cython": "", "build": "", "packaging": ""}, "results": {"bench_linalg.Eindot.time_dot_a_b": {"spread": 0.0016400000000000303, "mean": 0.5519364199999472, "params": []}, "bench_linalg.Eindot.time_dot_d_dot_b_c": {"spread": 4.334999999999994e-05, "mean": 0.0021791169287358313, "params": []}, "bench_linalg.Eindot.time_dot_trans_a_at": {"spread": 0.0003104999999999983, "mean": 0.07097028150110418, "params": []}, "bench_linalg.Eindot.time_dot_trans_a_atc": {"spread": 0.00033500000000000196, "mean": 0.13898658200014324, "params": []}, "bench_linalg.Eindot.time_dot_trans_at_a": {"spread": 0.0009500000000000064, "mean": 0.19273613750010554, "params": []}, "bench_linalg.Eindot.time_dot_trans_atc_a": {"spread": 0.0005799999999999972, "mean": 0.367486644499877, "params": []}, "bench_linalg.Eindot.time_einsum_i_ij_j": {"spread": 4.6500000000000534e-05, "mean": 0.010411328499685624, "params": []}, "bench_linalg.Eindot.time_einsum_ij_jk_a_b": {"spread": 0.008199999999999985, "mean": 1.51370820000011, "params": []}, "bench_linalg.Eindot.time_einsum_ijk_jil_kl": {"spread": 0.008264999999999967, "mean": 0.9720995435009172, "params": []}, "bench_linalg.Eindot.time_inner_trans_a_a": {"spread": 0.0002349999999999991, "mean": 0.07124481199934962, "params": []}, "bench_linalg.Eindot.time_inner_trans_a_ac": {"spread": 0.0003549999999999942, "mean": 0.1369502920006198, "params": []}, "bench_linalg.Eindot.time_matmul_a_b": {"spread": 0.0013350000000000306, "mean": 0.5514924589997463, "params": []}, "bench_linalg.Eindot.time_matmul_d_matmul_b_c": {"spread": 2.3449999999999947e-05, "mean": 0.002179899333289844, "params": []}, "bench_linalg.Eindot.time_matmul_trans_a_at": {"spread": 0.0002165000000000014, "mean": 0.07071019149952917, "params": []}, "bench_linalg.Eindot.time_matmul_trans_a_atc": {"spread": 0.0005850000000000022, "mean": 0.1386839914994198, "params": []}, "bench_linalg.Eindot.time_matmul_trans_at_a": {"spread": 0.0008599999999999997, "mean": 0.19045579500016174, "params": []}, "bench_linalg.Eindot.time_matmul_trans_atc_a": {"spread": 0.0003100000000000047, "mean": 0.36509009649944346, "params": []}, "bench_linalg.Eindot.time_tensordot_a_b_axes_1_0_0_1": {"spread": 0.0005289999999999948, "mean": 0.09498345599968161, "params": []}, "bench_linalg.Einsum.time_einsum_contig_contig": {"params": ["<class 'numpy.float32'>", "<class 'numpy.float64'>"], "mean": [0.00010819886274119056, 0.00019522909650205342], "spread": [6.449999999999981e-07, 2.7199999999999875e-06]}, "bench_linalg.Einsum.time_einsum_contig_outstride0": {"params": ["<class 'numpy.float32'>", "<class 'numpy.float64'>"], "mean": [0.00011275728350474028, 0.00019751453571968468], "spread": [8.249999999999997e-07, 9.85000000000005e-07]}, "bench_linalg.Einsum.time_einsum_mul": {"params": ["<class 'numpy.float32'>", "<class 'numpy.float64'>"], "mean": [0.0007519407333044608, 0.0005963813610934368], "spread": [2.8954999999999996e-05, 2.7520000000000008e-05]}, "bench_linalg.Einsum.time_einsum_multiply": {"params": ["<class 'numpy.float32'>", "<class 'numpy.float64'>"], "mean": [5.002202752045352e-05, 5.6923262884983784e-05], "spread": [4.414999999999991e-07, 4.575000000000003e-07]}, "bench_linalg.Einsum.time_einsum_noncon_contig_contig": {"params": ["<class 'numpy.float32'>", "<class 'numpy.float64'>"], "mean": [2.493880689855004e-05, 2.5616222352683134e-05], "spread": [5.549999999999972e-08, 1.2100000000000104e-07]}, "bench_linalg.Einsum.time_einsum_noncon_contig_outstride0": {"params": ["<class 'numpy.float32'>", "<class 'numpy.float64'>"], "mean": [1.887514501659842e-05, 1.9163525134483454e-05], "spread": [7.300000000000083e-08, 8.600000000000053e-08]}, "bench_linalg.Einsum.time_einsum_noncon_mul": {"params": ["<class 'numpy.float32'>", "<class 'numpy.float64'>"], "mean": [2.6250603658387794e-05, 2.5199784010503973e-05], "spread": [2.1250000000000008e-07, 1.6400000000000046e-07]}, "bench_linalg.Einsum.time_einsum_noncon_multiply": {"params": ["<class 'numpy.float32'>", "<class 'numpy.float64'>"], "mean": [6.765324845145419e-05, 8.96485635552134e-05], "spread": [7.050000000000009e-07, 1.101500000000003e-06]}, "bench_linalg.Einsum.time_einsum_noncon_outer": {"params": ["<class 'numpy.float32'>", "<class 'numpy.float64'>"], "mean": [0.0027342956000211416, 0.006096106249970035], "spread": [0.00014429999999999998, 0.0004596499999999998]}, "bench_linalg.Einsum.time_einsum_noncon_sum_mul": {"params": ["<class 'numpy.float32'>", "<class 'numpy.float64'>"], "mean": [6.670727469571393e-05, 4.4692722672207976e-05], "spread": [1.4889999999999988e-06, 7.315000000000014e-07]}, "bench_linalg.Einsum.time_einsum_noncon_sum_mul2": {"params": ["<class 'numpy.float32'>", "<class 'numpy.float64'>"], "mean": [6.774499687480783e-05, 4.451914744025159e-05], "spread": [7.564999999999986e-07, 2.1800000000000028e-07]}, "bench_linalg.Einsum.time_einsum_outer": {"params": ["<class 'numpy.float32'>", "<class 'numpy.float64'>"], "mean": [0.015109050499631849, 0.028384850999827904], "spread": [0.00016049999999999918, 9.10000000000008e-05]}, "bench_linalg.Einsum.time_einsum_sum_mul": {"params": ["<class 'numpy.float32'>", "<class 'numpy.float64'>"], "mean": [4.030861797995324e-05, 3.523934098412893e-05], "spread": [2.820000000000017e-07, 2.0150000000000137e-07]}, "bench_linalg.Einsum.time_einsum_sum_mul2": {"params": ["<class 'numpy.float32'>", "<class 'numpy.float64'>"], "mean": [4.073995300939003e-05, 3.539214734978155e-05], "spread": [4.1449999999999747e-07, 2.609999999999997e-07]}, "bench_linalg.LinAlgTransposeVdot.time_transpose": {"params": ["(32, 32)", "(64, 64)", "(128, 128)"], "mean": [7.552328162552274e-07, 7.550651470324485e-07, 7.548691690908442e-07], "spread": [5.09999999999996e-10, 8.79999999999992e-10, 1.7250000000000237e-09]}, "bench_linalg.LinAlgTransposeVdot.time_vdot": {"params": ["(32, 32)", "(64, 64)", "(128, 128)"], "mean": [1.9202070547905513e-06, 5.408441000327002e-06, 2.2526478323000395e-06], "spread": [8.500000000000003e-09, 6.799999999999664e-09, 2.000000000000002e-08]}, "bench_linalg.Linalg.time_det": {"params": ["'complex128'", "'complex64'", "'float32'", "'float64'", "'int16'", "'int32'", "'int64'"], "mean": [0.35312228749990027, 0.3577536410002722, 0.09070061150032416, 0.08927059649977309, 0.09085951100041711, 0.08917238600042765, 0.0914519215002656], "spread": [0.0006299999999999917, 0.0010050000000000059, 0.00021100000000000285, 0.0004309999999999939, 0.00015499999999999542, 0.00028150000000000397, 0.00022699999999999804]}, "bench_linalg.Linalg.time_pinv": {"params": ["'complex128'", "'complex64'", "'float32'", "'float64'", "'int16'", "'int32'", "'int64'"], "mean": [4.535575255999902, 3.950390473999505, 1.210032210999998, 1.3251617744990654, 1.335307651000221, 1.332908241500263, 1.3300566425004945], "spread": [0.005450000000000177, 0.0022999999999999687, 0.0027000000000000357, 0.0008500000000000174, 0.0021999999999999797, 0.0012500000000000844, 0.0017000000000000348]}, "bench_linalg.Linalg.time_svd": {"params": ["'complex128'", "'complex64'", "'float32'", "'float64'", "'int16'", "'int32'", "'int64'"], "mean": [3.5530133410002236, 3.5568383515001187, 1.0970413039995037, 1.083946750499308, 1.0918867680002222, 1.0904271725003127, 1.092120156999954], "spread": [0.0022999999999999687, 0.002950000000000008, 0.0027999999999999137, 0.0013499999999999623, 0.0008000000000000229, 0.0023500000000000743, 0.0016499999999999293]}, "bench_linalg.LinalgNorm.time_norm": {"params": ["'int16'", "'float16'", "'int32'", "'float32'", "'int64'", "'float64'", "'complex64'", "'complex128'"], "mean": [0.0010732296500464145, 0.004264408833175063, 0.0010736978000750242, 0.000549035447396531, 0.0012170687777041975, 0.001070815200000652, 0.003526819000095808, 0.00436315883325733],