{"params": {"arch": "x86_64", "cpu": "Intel(R) Xeon(R) Platinum 8259CL CPU @ 2.50GHz", "machine": "ip-172-31-25-34", "num_cpu": "2", "os": "Linux 6.8.0-1009-aws", "ram": "8008640", "python": "3.12", "Cython": "", "build": "", "packaging": ""}, "results": {"bench_linalg.Eindot.time_dot_a_b": {"spread": 0.0006000000000000033, "mean": 0.13506252549996134, "params": []}, "bench_linalg.Eindot.time_dot_d_dot_b_c": {"spread": 3.86500000000001e-05, "mean": 0.0019869137857832747, "params": []}, "bench_linalg.Eindot.time_dot_trans_a_at": {"spread": 0.00016599999999999948, "mean": 0.020922778999192815, "params": []}, "bench_linalg.Eindot.time_dot_trans_a_atc": {"spread": 0.00013099999999999917, "mean": 0.03406145149983786, "params": []}, "bench_linalg.Eindot.time_dot_trans_at_a": {"spread": 0.0007845000000000005, "mean": 0.05721804950007936, "params": []}, "bench_linalg.Eindot.time_dot_trans_atc_a": {"spread": 0.0004904999999999979, "mean": 0.0890198170009171, "params": []}, "bench_linalg.Eindot.time_einsum_i_ij_j": {"spread": 4.849999999999993e-05, "mean": 0.010406769999462995, "params": []}, "bench_linalg.Eindot.time_einsum_ij_jk_a_b": {"spread": 0.010599999999999943, "mean": 1.5194006319998152, "params": []}, "bench_linalg.Eindot.time_einsum_ijk_jil_kl": {"spread": 0.007875000000000021, "mean": 0.9739194824996957, "params": []}, "bench_linalg.Eindot.time_inner_trans_a_a": {"spread": 6.950000000000012e-05, "mean": 0.02086595600030705, "params": []}, "bench_linalg.Eindot.time_inner_trans_a_ac": {"spread": 0.00011499999999999705, "mean": 0.03389029199934157, "params": []}, "bench_linalg.Eindot.time_matmul_a_b": {"spread": 0.0005250000000000116, "mean": 0.13462412099852372, "params": []}, "bench_linalg.Eindot.time_matmul_d_matmul_b_c": {"spread": 3.834999999999993e-05, "mean": 0.002080223642743866, "params": []}, "bench_linalg.Eindot.time_matmul_trans_a_at": {"spread": 0.00011400000000000125, "mean": 0.020439179998902546, "params": []}, "bench_linalg.Eindot.time_matmul_trans_a_atc": {"spread": 0.00014050000000000173, "mean": 0.03406315949996497, "params": []}, "bench_linalg.Eindot.time_matmul_trans_at_a": {"spread": 0.00010699999999999946, "mean": 0.053846797500227694, "params": []}, "bench_linalg.Eindot.time_matmul_trans_atc_a": {"spread": 0.0004549999999999971, "mean": 0.08656442850042367, "params": []}, "bench_linalg.Eindot.time_tensordot_a_b_axes_1_0_0_1": {"spread": 0.0001999999999999988, "mean": 0.042329403499934415, "params": []}, "bench_linalg.Einsum.time_einsum_contig_contig": {"params": ["<class 'numpy.float32'>", "<class 'numpy.float64'>"], "mean": [0.00010870084999623942, 0.00019519855262236283], "spread": [5.04999999999996e-07, 3.7699999999999995e-06]}, "bench_linalg.Einsum.time_einsum_contig_outstride0": {"params": ["<class 'numpy.float32'>", "<class 'numpy.float64'>"], "mean": [0.00011279713131866307, 0.00019944806250090811], "spread": [9.099999999999964e-07, 1.394999999999996e-06]}, "bench_linalg.Einsum.time_einsum_mul": {"params": ["<class 'numpy.float32'>", "<class 'numpy.float64'>"], "mean": [0.0007547793999644151, 0.0005885653055581013], "spread": [3.268999999999999e-05, 2.7439999999999995e-05]}, "bench_linalg.Einsum.time_einsum_multiply": {"params": ["<class 'numpy.float32'>", "<class 'numpy.float64'>"], "mean": [5.034265668319982e-05, 5.69527672018801e-05], "spread": [2.799999999999973e-07, 4.804999999999999e-07]}, "bench_linalg.Einsum.time_einsum_noncon_contig_contig": {"params": ["<class 'numpy.float32'>", "<class 'numpy.float64'>"], "mean": [2.532737384323506e-05, 2.5846488152331867e-05], "spread": [3.900000000000081e-08, 7.300000000000083e-08]}, "bench_linalg.Einsum.time_einsum_noncon_contig_outstride0": {"params": ["<class 'numpy.float32'>", "<class 'numpy.float64'>"], "mean": [1.859183652255603e-05, 1.8994820205279374e-05], "spread": [9.999999999999904e-08, 1.2450000000000025e-07]}, "bench_linalg.Einsum.time_einsum_noncon_mul": {"params": ["<class 'numpy.float32'>", "<class 'numpy.float64'>"], "mean": [2.617335783242997e-05, 2.473487234217196e-05], "spread": [2.465000000000001e-07, 1.4400000000000065e-07]}, "bench_linalg.Einsum.time_einsum_noncon_multiply": {"params": ["<class 'numpy.float32'>", "<class 'numpy.float64'>"], "mean": [6.722818098343984e-05, 9.081459016729763e-05], "spread": [5.780000000000002e-07, 9.72999999999999e-07]}, "bench_linalg.Einsum.time_einsum_noncon_outer": {"params": ["<class 'numpy.float32'>", "<class 'numpy.float64'>"], "mean": [0.0026638129998900694, 0.006062672000098246], "spread": [9.894999999999999e-05, 0.00022829999999999986]}, "bench_linalg.Einsum.time_einsum_noncon_sum_mul": {"params": ["<class 'numpy.float32'>", "<class 'numpy.float64'>"], "mean": [6.580849693166063e-05, 4.484329644184313e-05], "spread": [9.92500000000001e-07, 5.184999999999985e-07]}, "bench_linalg.Einsum.time_einsum_noncon_sum_mul2": {"params": ["<class 'numpy.float32'>", "<class 'numpy.float64'>"], "mean": [6.77491656233542e-05, 4.4623874997742565e-05], "spread": [1.3439999999999993e-06, 4.870000000000006e-07]}, "bench_linalg.Einsum.time_einsum_outer": {"params": ["<class 'numpy.float32'>", "<class 'numpy.float64'>"], "mean": [0.015010641999651853, 0.02842064099968411], "spread": [0.0002040000000000002, 0.00013699999999999997]}, "bench_linalg.Einsum.time_einsum_sum_mul": {"params": ["<class 'numpy.float32'>", "<class 'numpy.float64'>"], "mean": [3.9910371211507566e-05, 3.49140647259979e-05], "spread": [2.0400000000000008e-07, 3.1099999999999753e-07]}, "bench_linalg.Einsum.time_einsum_sum_mul2": {"params": ["<class 'numpy.float32'>", "<class 'numpy.float64'>"], "mean": [4.094596603503099e-05, 3.5285833881085925e-05], "spread": [7.650000000000003e-07, 4.775000000000001e-07]}, "bench_linalg.LinAlgTransposeVdot.time_transpose": {"params": ["(32, 32)", "(64, 64)", "(128, 128)"], "mean": [7.668329362085526e-07, 7.713048072096062e-07, 7.650609671328343e-07], "spread": [3.4150000000000342e-09, 2.749999999999995e-09, 3.349999999999828e-10]}, "bench_linalg.LinAlgTransposeVdot.time_vdot": {"params": ["(32, 32)", "(64, 64)", "(128, 128)"], "mean": [1.881388468953951e-06, 5.417590728931438e-06, 2.232315047561141e-06], "spread": [1.2299999999999971e-08, 7.999999999999754e-09, 1.1600000000000024e-08]}, "bench_linalg.Linalg.time_det": {"params": ["'complex128'", "'complex64'", "'float32'", "'float64'", "'int16'", "'int32'", "'int64'"], "mean": [0.10027113149953948, 0.1028609309996682, 0.03247088950047328, 0.031201449000946013, 0.0327461389997552, 0.03286074649895454, 0.03301042250041064], "spread": [0.00012499999999999317, 4.500000000000337e-05, 7.650000000000018e-05, 0.00010000000000000113, 7.850000000000218e-05, 0.00011150000000000049, 0.00013849999999999973]}, "bench_linalg.Linalg.time_pinv": {"params": ["'complex128'", "'complex64'", "'float32'", "'float64'", "'int16'", "'int32'", "'int64'"], "mean": [1.7116277090008225, 1.5830953135000527, 0.6072119850005038, 0.6273436809997293, 0.6329612430008638, 0.6350898575001338, 0.6380811674998768], "spread": [0.0017500000000000293, 0.0018500000000000183, 0.0012199999999999989, 0.0010850000000000026, 0.0003150000000000097, 0.003610000000000002, 0.0019600000000000173]}, "bench_linalg.Linalg.time_svd": {"params": ["'complex128'", "'complex64'", "'float32'", "'float64'", "'int16'", "'int32'", "'int64'"], "mean": [1.4658830394992037, 1.4706247590011117, 0.5763985355006298, 0.5662909545008006, 0.5725263459999042, 0.5729062720001821, 0.5729138819997388], "spread": [0.0037000000000000366, 0.002449999999999952, 0.0017600000000000393, 0.00031999999999998696, 0.0005550000000000277, 0.0005899999999999794, 0.0006499999999999839]}, "bench_linalg.LinalgNorm.time_norm": {"params": ["'int16'", "'float16'", "'int32'", "'float32'", "'int64'", "'float64'", "'complex64'", "'complex128'"], "mean": [0.0018164885832447908, 0.004231537500042274, 0.001803666999876441, 0.0005389025789937525, 0.0018372214999544667, 0.0011056044500037387, 0.002113890500004345, 0.0035428247501840815],