{"params": {"arch": "x86_64", "cpu": "Intel(R) Xeon(R) Platinum 8259CL CPU @ 2.50GHz", "machine": "ip-172-31-25-34", "num_cpu": "2", "os": "Linux 6.8.0-1009-aws", "ram": "8008640", "python": "3.12", "Cython": "", "build": "", "packaging": ""}, "results": {"bench_linalg.Eindot.time_dot_a_b": {"spread": 0.0009200000000000319, "mean": 0.5517102140001953, "params": []}, "bench_linalg.Eindot.time_dot_d_dot_b_c": {"spread": 4.030000000000006e-05, "mean": 0.0021363491666003638, "params": []}, "bench_linalg.Eindot.time_dot_trans_a_at": {"spread": 0.00018900000000000167, "mean": 0.0712225799998123, "params": []}, "bench_linalg.Eindot.time_dot_trans_a_atc": {"spread": 0.0009900000000000048, "mean": 0.13856098399992334, "params": []}, "bench_linalg.Eindot.time_dot_trans_at_a": {"spread": 0.000784999999999994, "mean": 0.19346909999967465, "params": []}, "bench_linalg.Eindot.time_dot_trans_atc_a": {"spread": 0.0012399999999999911, "mean": 0.3672939155003405, "params": []}, "bench_linalg.Eindot.time_einsum_i_ij_j": {"spread": 2.2000000000000318e-05, "mean": 0.010393360500529525, "params": []}, "bench_linalg.Eindot.time_einsum_ij_jk_a_b": {"spread": 0.011099999999999999, "mean": 1.522802299000432, "params": []}, "bench_linalg.Eindot.time_einsum_ijk_jil_kl": {"spread": 0.007330000000000003, "mean": 0.9711521684994295, "params": []}, "bench_linalg.Eindot.time_inner_trans_a_a": {"spread": 0.00022600000000000398, "mean": 0.07122038099987549, "params": []}, "bench_linalg.Eindot.time_inner_trans_a_ac": {"spread": 0.0002449999999999952, "mean": 0.13684575650040642, "params": []}, "bench_linalg.Eindot.time_matmul_a_b": {"spread": 0.0023400000000000087, "mean": 0.5491228255004899, "params": []}, "bench_linalg.Eindot.time_matmul_d_matmul_b_c": {"spread": 2.490000000000001e-05, "mean": 0.002199587499944755, "params": []}, "bench_linalg.Eindot.time_matmul_trans_a_at": {"spread": 0.00031899999999999984, "mean": 0.07059051099986391, "params": []}, "bench_linalg.Eindot.time_matmul_trans_a_atc": {"spread": 0.0008249999999999924, "mean": 0.13816707250043692, "params": []}, "bench_linalg.Eindot.time_matmul_trans_at_a": {"spread": 0.0014399999999999968, "mean": 0.19050235149916261, "params": []}, "bench_linalg.Eindot.time_matmul_trans_atc_a": {"spread": 0.0005799999999999972, "mean": 0.3633965625003839, "params": []}, "bench_linalg.Eindot.time_tensordot_a_b_axes_1_0_0_1": {"spread": 0.00035900000000000515, "mean": 0.09469655050088477, "params": []}, "bench_linalg.Einsum.time_einsum_contig_contig": {"params": ["<class 'numpy.float32'>", "<class 'numpy.float64'>"], "mean": [0.00010888771781663868, 0.00019480316981537057], "spread": [1.0249999999999978e-06, 2.7900000000000055e-06]}, "bench_linalg.Einsum.time_einsum_contig_outstride0": {"params": ["<class 'numpy.float32'>", "<class 'numpy.float64'>"], "mean": [0.00011322807731443222, 0.0001978040357276508], "spread": [7.349999999999989e-07, 1.585000000000006e-06]}, "bench_linalg.Einsum.time_einsum_mul": {"params": ["<class 'numpy.float32'>", "<class 'numpy.float64'>"], "mean": [0.0007519180333474651, 0.0005930610277573578], "spread": [3.5154999999999984e-05, 3.079500000000002e-05]}, "bench_linalg.Einsum.time_einsum_multiply": {"params": ["<class 'numpy.float32'>", "<class 'numpy.float64'>"], "mean": [5.12196157379313e-05, 5.7576445947602595e-05], "spread": [6.284999999999991e-07, 4.1300000000000096e-07]}, "bench_linalg.Einsum.time_einsum_noncon_contig_contig": {"params": ["<class 'numpy.float32'>", "<class 'numpy.float64'>"], "mean": [2.5529768232338352e-05, 2.624993540461367e-05], "spread": [8.849999999999924e-08, 7.150000000000092e-08]}, "bench_linalg.Einsum.time_einsum_noncon_contig_outstride0": {"params": ["<class 'numpy.float32'>", "<class 'numpy.float64'>"], "mean": [1.8954105123186128e-05, 1.922170301428028e-05], "spread": [1.6449999999999986e-07, 1.1150000000000054e-07]}, "bench_linalg.Einsum.time_einsum_noncon_mul": {"params": ["<class 'numpy.float32'>", "<class 'numpy.float64'>"], "mean": [2.6293035798061107e-05, 2.4957812204779376e-05], "spread": [2.739999999999994e-07, 1.7850000000000007e-07]}, "bench_linalg.Einsum.time_einsum_noncon_multiply": {"params": ["<class 'numpy.float32'>", "<class 'numpy.float64'>"], "mean": [6.7229066663651e-05, 8.972341802440437e-05], "spread": [7.54500000000001e-07, 6.479999999999979e-07]}, "bench_linalg.Einsum.time_einsum_noncon_outer": {"params": ["<class 'numpy.float32'>", "<class 'numpy.float64'>"], "mean": [0.0026976455999829342, 0.005977421999887156], "spread": [6.569999999999992e-05, 0.0003046499999999996]}, "bench_linalg.Einsum.time_einsum_noncon_sum_mul": {"params": ["<class 'numpy.float32'>", "<class 'numpy.float64'>"], "mean": [6.863118638788225e-05, 4.4953682372132054e-05], "spread": [8.035e-07, 3.145000000000018e-07]}, "bench_linalg.Einsum.time_einsum_noncon_sum_mul2": {"params": ["<class 'numpy.float32'>", "<class 'numpy.float64'>"], "mean": [6.797198113658078e-05, 4.4465868310829666e-05], "spread": [1.003499999999998e-06, 6.174999999999987e-07]}, "bench_linalg.Einsum.time_einsum_outer": {"params": ["<class 'numpy.float32'>", "<class 'numpy.float64'>"], "mean": [0.014618011500715511, 0.028342239999801677], "spread": [0.00043049999999999946, 0.0002299999999999993]}, "bench_linalg.Einsum.time_einsum_sum_mul": {"params": ["<class 'numpy.float32'>", "<class 'numpy.float64'>"], "mean": [3.987810370273547e-05, 3.5408775807633397e-05], "spread": [1.5999999999999847e-07, 2.845000000000004e-07]}, "bench_linalg.Einsum.time_einsum_sum_mul2": {"params": ["<class 'numpy.float32'>", "<class 'numpy.float64'>"], "mean": [4.0716262962329586e-05, 3.5112674916613576e-05], "spread": [7.015e-07, 3.3550000000000043e-07]}, "bench_linalg.LinAlgTransposeVdot.time_transpose": {"params": ["(32, 32)", "(64, 64)", "(128, 128)"], "mean": [7.479052839480117e-07, 7.556719136882478e-07, 7.5032661206542e-07], "spread": [3.7499999999997523e-10, 1.2850000000000012e-09, 1.5750000000000124e-09]}, "bench_linalg.LinAlgTransposeVdot.time_vdot": {"params": ["(32, 32)", "(64, 64)", "(128, 128)"], "mean": [1.9099839399646323e-06, 5.430727001865258e-06, 2.250682406045274e-06], "spread": [4.400000000000013e-09, 1.8950000000000047e-08, 7.4499999999998186e-09]}, "bench_linalg.Linalg.time_det": {"params": ["'complex128'", "'complex64'", "'float32'", "'float64'", "'int16'", "'int32'", "'int64'"], "mean": [0.34786172949952743, 0.35901127600027394, 0.09078684300038731, 0.0892573805003849, 0.09051494150025974, 0.09135896399948251, 0.09096181750010146], "spread": [0.0024550000000000127, 0.00038499999999999646, 0.0001979999999999968, 0.00011150000000000049, 0.00020399999999999585, 0.0001475000000000018, 0.00029850000000000015]}, "bench_linalg.Linalg.time_pinv": {"params": ["'complex128'", "'complex64'", "'float32'", "'float64'", "'int16'", "'int32'", "'int64'"], "mean": [4.533776744499846, 3.954988660500021, 1.2110531644993898, 1.3275531674999002, 1.3291694770005051, 1.331477482000082, 1.3314247534999595], "spread": [0.0012500000000001954, 0.004150000000000098, 0.0017000000000000348, 0.0015499999999999403, 0.0014500000000000624, 0.002950000000000008, 0.0011499999999999844]}, "bench_linalg.Linalg.time_svd": {"params": ["'complex128'", "'complex64'", "'float32'", "'float64'", "'int16'", "'int32'", "'int64'"], "mean": [3.549114043499685, 3.548795491999954, 1.092631187999359, 1.0838067299991962, 1.0951359365008102, 1.0922273674996177, 1.0917091185010577], "spread": [0.0038000000000000256, 0.0030999999999998806, 0.0016000000000000458, 0.0011499999999999844, 0.0020999999999999908, 0.0010499999999999954, 0.0008000000000000229]}, "bench_linalg.LinalgNorm.time_norm": {"params": ["'int16'", "'float16'", "'int32'", "'float32'", "'int64'", "'float64'", "'complex64'", "'complex128'"], "mean": [0.001072121600009268, 0.004269390333320189, 0.001073922500017943, 0.0005515717105625203, 0.0011933714999435728, 0.001065489449956658, 0.0034575098334244103, 0.00417526999990514],