{"params": {"arch": "x86_64", "cpu": "Intel(R) Xeon(R) Platinum 8259CL CPU @ 2.50GHz", "machine": "asv machine", "num_cpu": "2", "os": "Linux 6.8.0-1009-aws", "ram": "8008632", "python": "3.12", "Cython": "", "build": "", "packaging": ""}, "results": {"bench_linalg.Eindot.time_dot_a_b": {"spread": 0.0011300000000000199, "mean": 0.5501496769993537, "params": []}, "bench_linalg.Eindot.time_dot_d_dot_b_c": {"spread": 2.2600000000000007e-05, "mean": 0.0019181201428831887, "params": []}, "bench_linalg.Eindot.time_dot_trans_a_at": {"spread": 0.0003150000000000028, "mean": 0.07060714100043697, "params": []}, "bench_linalg.Eindot.time_dot_trans_a_atc": {"spread": 0.00038499999999999646, "mean": 0.13834367799972824, "params": []}, "bench_linalg.Eindot.time_dot_trans_at_a": {"spread": 0.0004950000000000093, "mean": 0.19146853199981706, "params": []}, "bench_linalg.Eindot.time_dot_trans_atc_a": {"spread": 0.0006799999999999862, "mean": 0.366379861000496, "params": []}, "bench_linalg.Eindot.time_einsum_i_ij_j": {"spread": 5.4999999999999494e-05, "mean": 0.010347803999138705, "params": []}, "bench_linalg.Eindot.time_einsum_ij_jk_a_b": {"spread": 0.04800000000000004, "mean": 1.3026211260003038, "params": []}, "bench_linalg.Eindot.time_einsum_ijk_jil_kl": {"spread": 0.005200000000000038, "mean": 0.9625648594992526, "params": []}, "bench_linalg.Eindot.time_inner_trans_a_a": {"spread": 0.00018599999999999867, "mean": 0.07092855550035893, "params": []}, "bench_linalg.Eindot.time_inner_trans_a_ac": {"spread": 0.0003399999999999931, "mean": 0.13637856700006523, "params": []}, "bench_linalg.Eindot.time_matmul_a_b": {"spread": 0.0010000000000000009, "mean": 0.5488579134998872, "params": []}, "bench_linalg.Eindot.time_matmul_d_matmul_b_c": {"spread": 3.035000000000006e-05, "mean": 0.001907284142881898, "params": []}, "bench_linalg.Eindot.time_matmul_trans_a_at": {"spread": 0.0002610000000000043, "mean": 0.07043712799986679, "params": []}, "bench_linalg.Eindot.time_matmul_trans_a_atc": {"spread": 0.00032000000000000084, "mean": 0.13818819700009044, "params": []}, "bench_linalg.Eindot.time_matmul_trans_at_a": {"spread": 0.00037500000000000033, "mean": 0.1890798909998921, "params": []}, "bench_linalg.Eindot.time_matmul_trans_atc_a": {"spread": 0.0007749999999999979, "mean": 0.36357852249966527, "params": []}, "bench_linalg.Eindot.time_tensordot_a_b_axes_1_0_0_1": {"spread": 0.00015350000000000086, "mean": 0.09443996350091766, "params": []}, "bench_linalg.Einsum.time_einsum_contig_contig": {"params": ["<class 'numpy.float32'>", "<class 'numpy.float64'>"], "mean": [0.0001081551323545236, 0.0001953547830195913], "spread": [4.850000000000064e-07, 3.1600000000000036e-06]}, "bench_linalg.Einsum.time_einsum_contig_outstride0": {"params": ["<class 'numpy.float32'>", "<class 'numpy.float64'>"], "mean": [0.0001148372553155028, 0.0001980353867934955], "spread": [9.550000000000002e-07, 7.399999999999963e-07]}, "bench_linalg.Einsum.time_einsum_mul": {"params": ["<class 'numpy.float32'>", "<class 'numpy.float64'>"], "mean": [0.0007436461666657124, 0.0005881198055451225], "spread": [3.2410000000000023e-05, 2.5555000000000022e-05]}, "bench_linalg.Einsum.time_einsum_multiply": {"params": ["<class 'numpy.float32'>", "<class 'numpy.float64'>"], "mean": [5.055704673183168e-05, 5.746599999838509e-05], "spread": [6.730000000000019e-07, 7.769999999999995e-07]}, "bench_linalg.Einsum.time_einsum_noncon_contig_contig": {"params": ["<class 'numpy.float32'>", "<class 'numpy.float64'>"], "mean": [2.509918160396993e-05, 2.599987257198539e-05], "spread": [2.800000000000041e-08, 1.5250000000000066e-07]}, "bench_linalg.Einsum.time_einsum_noncon_contig_outstride0": {"params": ["<class 'numpy.float32'>", "<class 'numpy.float64'>"], "mean": [1.9215864034649392e-05, 1.9424494671406636e-05], "spread": [1.5800000000000086e-07, 5.800000000000012e-08]}, "bench_linalg.Einsum.time_einsum_noncon_mul": {"params": ["<class 'numpy.float32'>", "<class 'numpy.float64'>"], "mean": [2.674913690454906e-05, 2.5188182559738146e-05], "spread": [2.279999999999985e-07, 1.0699999999999914e-07]}, "bench_linalg.Einsum.time_einsum_noncon_multiply": {"params": ["<class 'numpy.float32'>", "<class 'numpy.float64'>"], "mean": [6.768793030487635e-05, 8.910138430192919e-05], "spread": [5.014999999999951e-07, 9.88499999999999e-07]}, "bench_linalg.Einsum.time_einsum_noncon_outer": {"params": ["<class 'numpy.float32'>", "<class 'numpy.float64'>"], "mean": [0.002450050300103612, 0.005046203999881982], "spread": [0.00010125, 0.00033029999999999995]}, "bench_linalg.Einsum.time_einsum_noncon_sum_mul": {"params": ["<class 'numpy.float32'>", "<class 'numpy.float64'>"], "mean": [6.771131410086804e-05, 4.549388444991396e-05], "spread": [8.350000000000013e-07, 2.835000000000016e-07]}, "bench_linalg.Einsum.time_einsum_noncon_sum_mul2": {"params": ["<class 'numpy.float32'>", "<class 'numpy.float64'>"], "mean": [6.908698026707402e-05, 4.543006355684696e-05], "spread": [7.240000000000019e-07, 4.515000000000007e-07]}, "bench_linalg.Einsum.time_einsum_outer": {"params": ["<class 'numpy.float32'>", "<class 'numpy.float64'>"], "mean": [0.012248615500539017, 0.02587064549970819], "spread": [0.0004264999999999998, 0.0004559999999999998]}, "bench_linalg.Einsum.time_einsum_sum_mul": {"params": ["<class 'numpy.float32'>", "<class 'numpy.float64'>"], "mean": [4.086309225157563e-05, 3.610801948159317e-05], "spread": [2.284999999999996e-07, 2.915000000000022e-07]}, "bench_linalg.Einsum.time_einsum_sum_mul2": {"params": ["<class 'numpy.float32'>", "<class 'numpy.float64'>"], "mean": [4.1305741636322936e-05, 3.5929118152972934e-05], "spread": [5.505000000000009e-07, 4.439999999999978e-07]}, "bench_linalg.LinAlgTransposeVdot.time_transpose": {"params": ["(32, 32)", "(64, 64)", "(128, 128)"], "mean": [7.594104159631628e-07, 7.703901068472536e-07, 7.659936315412079e-07], "spread": [6.874999999999987e-09, 1.6799999999999992e-09, 4.7849999999999995e-09]}, "bench_linalg.LinAlgTransposeVdot.time_vdot": {"params": ["(32, 32)", "(64, 64)", "(128, 128)"], "mean": [1.885220439712042e-06, 5.409891347491209e-06, 2.218958527643937e-06], "spread": [1.174999999999993e-08, 6.149999999999933e-09, 1.1900000000000047e-08]}, "bench_linalg.Linalg.time_det": {"params": ["'complex128'", "'complex64'", "'float32'", "'float64'", "'int16'", "'int32'", "'int64'"], "mean": [0.3528905584998938, 0.35328905150072387, 0.08969418500146276, 0.088258820500414, 0.08940487749987369, 0.0900808029991822, 0.08965132750017801], "spread": [0.00029000000000001247, 0.002620000000000011, 0.00033299999999999996, 0.0002144999999999994, 0.0002564999999999998, 0.0001974999999999963, 0.0001799999999999996]}, "bench_linalg.Linalg.time_pinv": {"params": ["'complex128'", "'complex64'", "'float32'", "'float64'", "'int16'", "'int32'", "'int64'"], "mean": [4.493364263500553, 3.924352528500094, 1.1960143189999144, 1.3141820905002533, 1.3181406919993606, 1.3180964249995668, 1.3189743055008876], "spread": [0.0009999999999998899, 0.0010499999999999954, 0.0009000000000000119, 0.0009500000000000064, 0.0010499999999999954, 0.0014000000000000679, 0.0011500000000000954]}, "bench_linalg.Linalg.time_svd": {"params": ["'complex128'", "'complex64'", "'float32'", "'float64'", "'int16'", "'int32'", "'int64'"], "mean": [3.51395787400088, 3.523357426500297, 1.0817096539994964, 1.0771799320000355, 1.0797978095006329, 1.0794561630009412, 1.0802940809990105], "spread": [0.0025500000000000522, 0.0010499999999999954, 0.0014499999999999513, 0.0011999999999999789, 0.0005500000000000504, 0.0007000000000000339, 0.0011499999999999844]}, "bench_linalg.LinalgNorm.time_norm": {"params": ["'int16'", "'float16'", "'int32'", "'float32'", "'int64'", "'float64'", "'complex64'", "'complex128'"], "mean": [0.00107582425007422, 0.004217399666837688, 0.001073331650059117, 0.0005664308055707403, 0.0011524997777693593, 0.0010177211000154784, 0.0033324898749924614, 0.0031795323750429816],