{"params": {"arch": "x86_64", "cpu": "Intel(R) Xeon(R) Platinum 8259CL CPU @ 2.50GHz", "machine": "asv machine", "num_cpu": "2", "os": "Linux 6.8.0-1009-aws", "ram": "8008632", "python": "3.12", "Cython": "", "build": "", "packaging": ""}, "results": {"bench_linalg.Eindot.time_dot_a_b": {"spread": 0.0005800000000000111, "mean": 0.23678554050002276, "params": []}, "bench_linalg.Eindot.time_dot_d_dot_b_c": {"spread": 2.7450000000000044e-05, "mean": 0.0020576189165997976, "params": []}, "bench_linalg.Eindot.time_dot_trans_a_at": {"spread": 8.94999999999993e-05, "mean": 0.03323945150077634, "params": []}, "bench_linalg.Eindot.time_dot_trans_a_atc": {"spread": 0.00016199999999999895, "mean": 0.05968101049984398, "params": []}, "bench_linalg.Eindot.time_dot_trans_at_a": {"spread": 0.00027299999999999547, "mean": 0.08738667849956983, "params": []}, "bench_linalg.Eindot.time_dot_trans_atc_a": {"spread": 0.0006549999999999889, "mean": 0.15809320249991288, "params": []}, "bench_linalg.Eindot.time_einsum_i_ij_j": {"spread": 4.99999999999997e-05, "mean": 0.010290671500115423, "params": []}, "bench_linalg.Eindot.time_einsum_ij_jk_a_b": {"spread": 0.044399999999999995, "mean": 1.2205624104999515, "params": []}, "bench_linalg.Eindot.time_einsum_ijk_jil_kl": {"spread": 0.006249999999999978, "mean": 0.965551290500116, "params": []}, "bench_linalg.Eindot.time_inner_trans_a_a": {"spread": 7.650000000000018e-05, "mean": 0.03307759699964663, "params": []}, "bench_linalg.Eindot.time_inner_trans_a_ac": {"spread": 0.00022099999999999898, "mean": 0.05942034700001386, "params": []}, "bench_linalg.Eindot.time_matmul_a_b": {"spread": 0.0010900000000000076, "mean": 0.23536679849985376, "params": []}, "bench_linalg.Eindot.time_matmul_d_matmul_b_c": {"spread": 5.6550000000000046e-05, "mean": 0.0020659716666765844, "params": []}, "bench_linalg.Eindot.time_matmul_trans_a_at": {"spread": 0.00011399999999999952, "mean": 0.03266288849954435, "params": []}, "bench_linalg.Eindot.time_matmul_trans_a_atc": {"spread": 0.00014699999999999783, "mean": 0.05934258049910568, "params": []}, "bench_linalg.Eindot.time_matmul_trans_at_a": {"spread": 0.0006104999999999999, "mean": 0.08557504249984049, "params": []}, "bench_linalg.Eindot.time_matmul_trans_atc_a": {"spread": 0.00026500000000000135, "mean": 0.1557904649998818, "params": []}, "bench_linalg.Eindot.time_tensordot_a_b_axes_1_0_0_1": {"spread": 0.00012150000000000008, "mean": 0.05411918549998518, "params": []}, "bench_linalg.Einsum.time_einsum_contig_contig": {"params": ["<class 'numpy.float32'>", "<class 'numpy.float64'>"], "mean": [0.00010759616176145238, 0.0001938138545400844], "spread": [5.699999999999962e-07, 3.904999999999997e-06]}, "bench_linalg.Einsum.time_einsum_contig_outstride0": {"params": ["<class 'numpy.float32'>", "<class 'numpy.float64'>"], "mean": [0.0001135487944439875, 0.00019718847116004885], "spread": [5.649999999999988e-07, 1.4650000000000004e-06]}, "bench_linalg.Einsum.time_einsum_mul": {"params": ["<class 'numpy.float32'>", "<class 'numpy.float64'>"], "mean": [0.0007385751333155591, 0.0005911401388705902], "spread": [2.9520000000000002e-05, 2.195499999999999e-05]}, "bench_linalg.Einsum.time_einsum_multiply": {"params": ["<class 'numpy.float32'>", "<class 'numpy.float64'>"], "mean": [5.032416666827876e-05, 5.536713567595307e-05], "spread": [6.919999999999995e-07, 5.185000000000019e-07]}, "bench_linalg.Einsum.time_einsum_noncon_contig_contig": {"params": ["<class 'numpy.float32'>", "<class 'numpy.float64'>"], "mean": [2.514376547618927e-05, 2.5848061610493942e-05], "spread": [6.750000000000062e-08, 9.350000000000004e-08]}, "bench_linalg.Einsum.time_einsum_noncon_contig_outstride0": {"params": ["<class 'numpy.float32'>", "<class 'numpy.float64'>"], "mean": [1.847390135975927e-05, 1.8664433621873694e-05], "spread": [5.5999999999999125e-08, 9.399999999999944e-08]}, "bench_linalg.Einsum.time_einsum_noncon_mul": {"params": ["<class 'numpy.float32'>", "<class 'numpy.float64'>"], "mean": [2.582498072367442e-05, 2.4743176405802055e-05], "spread": [1.8250000000000037e-07, 1.9199999999999918e-07]}, "bench_linalg.Einsum.time_einsum_noncon_multiply": {"params": ["<class 'numpy.float32'>", "<class 'numpy.float64'>"], "mean": [6.608916272094284e-05, 8.90135168049733e-05], "spread": [1.0275000000000033e-06, 7.480000000000003e-07]}, "bench_linalg.Einsum.time_einsum_noncon_outer": {"params": ["<class 'numpy.float32'>", "<class 'numpy.float64'>"], "mean": [0.0024283132999698863, 0.00471196166684725], "spread": [0.00012100000000000001, 0.00028665000000000027]}, "bench_linalg.Einsum.time_einsum_noncon_sum_mul": {"params": ["<class 'numpy.float32'>", "<class 'numpy.float64'>"], "mean": [6.587473417542392e-05, 4.454703991136395e-05], "spread": [9.245000000000011e-07, 3.270000000000021e-07]}, "bench_linalg.Einsum.time_einsum_noncon_sum_mul2": {"params": ["<class 'numpy.float32'>", "<class 'numpy.float64'>"], "mean": [6.5991357990958e-05, 4.386078632169534e-05], "spread": [8.575000000000032e-07, 3.9049999999999906e-07]}, "bench_linalg.Einsum.time_einsum_outer": {"params": ["<class 'numpy.float32'>", "<class 'numpy.float64'>"], "mean": [0.012887838500319049, 0.025265558499995677], "spread": [0.0002969999999999995, 0.00022250000000000048]}, "bench_linalg.Einsum.time_einsum_sum_mul": {"params": ["<class 'numpy.float32'>", "<class 'numpy.float64'>"], "mean": [3.9441789569353716e-05, 3.481627922238576e-05], "spread": [1.4550000000000056e-07, 1.6199999999999947e-07]}, "bench_linalg.Einsum.time_einsum_sum_mul2": {"params": ["<class 'numpy.float32'>", "<class 'numpy.float64'>"], "mean": [4.024067742172249e-05, 3.4875245253001766e-05], "spread": [2.304999999999972e-07, 3.8299999999999955e-07]}, "bench_linalg.LinAlgTransposeVdot.time_transpose": {"params": ["(32, 32)", "(64, 64)", "(128, 128)"], "mean": [7.55938503421357e-07, 7.619109635942078e-07, 7.567548851354982e-07], "spread": [6.399999999999846e-10, 1.0100000000000335e-09, 9.799999999999995e-10]}, "bench_linalg.LinAlgTransposeVdot.time_vdot": {"params": ["(32, 32)", "(64, 64)", "(128, 128)"], "mean": [1.9259104164038206e-06, 5.4290331843480595e-06, 2.2501707289996545e-06], "spread": [3.849999999999972e-09, 1.9950000000000122e-08, 1.254999999999999e-08]}, "bench_linalg.Linalg.time_det": {"params": ["'complex128'", "'complex64'", "'float32'", "'float64'", "'int16'", "'int32'", "'int64'"], "mean": [0.2878364744992723, 0.29077198399954796, 0.0461339075000069, 0.04501587849972566, 0.04641633500068565, 0.04639572449923435, 0.04694065649891854], "spread": [0.00043999999999999595, 0.00026999999999999247, 0.0001454999999999998, 0.00025249999999999925, 9.89999999999984e-05, 0.00013950000000000073, 0.00015050000000000133]}, "bench_linalg.Linalg.time_pinv": {"params": ["'complex128'", "'complex64'", "'float32'", "'float64'", "'int16'", "'int32'", "'int64'"], "mean": [4.060503654000058, 3.4864617154998996, 0.8389566740006558, 0.8793381899995438, 0.8855601715004013, 0.8857207430010021, 0.8870138189995487], "spread": [0.0012499999999997513, 0.0022499999999998632, 0.0006200000000000094, 0.003520000000000023, 0.0002650000000000152, 0.0007199999999999984, 0.000250000000000028]}, "bench_linalg.Linalg.time_svd": {"params": ["'complex128'", "'complex64'", "'float32'", "'float64'", "'int16'", "'int32'", "'int64'"], "mean": [3.279688218000956, 3.28415631650023, 0.7812979705004182, 0.7684838739996849, 0.7773160079987065, 0.7784545670001535, 0.7722758995005279], "spread": [0.0010499999999999954, 0.0017499999999999183, 0.0008350000000000302, 0.0012850000000000361, 0.0027249999999999774, 0.002784999999999982, 0.0036349999999999993]}, "bench_linalg.LinalgNorm.time_norm": {"params": ["'int16'", "'float16'", "'int32'", "'float32'", "'int64'", "'float64'", "'complex64'", "'complex128'"], "mean": [0.0017916118332929423, 0.0042237138335015825, 0.0017778093333618017, 0.0005488995000058295, 0.0017772418332242523, 0.0010479257000952204, 0.002026591899993946, 0.0029354017499372276],