{"params": {"arch": "x86_64", "cpu": "Intel(R) Xeon(R) Platinum 8259CL CPU @ 2.50GHz", "machine": "ip-172-31-25-34", "num_cpu": "2", "os": "Linux 6.8.0-1009-aws", "ram": "8008640", "python": "3.12", "Cython": "", "build": "", "packaging": ""}, "results": {"bench_linalg.Eindot.time_dot_a_b": {"spread": 0.0013699999999999823, "mean": 0.5514610125001127, "params": []}, "bench_linalg.Eindot.time_dot_d_dot_b_c": {"spread": 5.734999999999985e-05, "mean": 0.0021315201665856875, "params": []}, "bench_linalg.Eindot.time_dot_trans_a_at": {"spread": 0.00023450000000000554, "mean": 0.07128391299920622, "params": []}, "bench_linalg.Eindot.time_dot_trans_a_atc": {"spread": 0.0005199999999999927, "mean": 0.13878227249915653, "params": []}, "bench_linalg.Eindot.time_dot_trans_at_a": {"spread": 0.0008050000000000002, "mean": 0.19372894299976906, "params": []}, "bench_linalg.Eindot.time_dot_trans_atc_a": {"spread": 0.0005700000000000149, "mean": 0.3660069965008006, "params": []}, "bench_linalg.Eindot.time_einsum_i_ij_j": {"spread": 3.850000000000034e-05, "mean": 0.010386291000031633, "params": []}, "bench_linalg.Eindot.time_einsum_ij_jk_a_b": {"spread": 0.01200000000000001, "mean": 1.5069763225001225, "params": []}, "bench_linalg.Eindot.time_einsum_ijk_jil_kl": {"spread": 0.0064249999999999585, "mean": 0.9633122690001983, "params": []}, "bench_linalg.Eindot.time_inner_trans_a_a": {"spread": 0.00035550000000000165, "mean": 0.07121441149956809, "params": []}, "bench_linalg.Eindot.time_inner_trans_a_ac": {"spread": 0.00020999999999998797, "mean": 0.13696998350042122, "params": []}, "bench_linalg.Eindot.time_matmul_a_b": {"spread": 0.0014399999999999968, "mean": 0.5482156790003501, "params": []}, "bench_linalg.Eindot.time_matmul_d_matmul_b_c": {"spread": 5.2950000000000176e-05, "mean": 0.002145895666672004, "params": []}, "bench_linalg.Eindot.time_matmul_trans_a_at": {"spread": 0.0003510000000000041, "mean": 0.07073176700032491, "params": []}, "bench_linalg.Eindot.time_matmul_trans_a_atc": {"spread": 0.0005499999999999949, "mean": 0.1377020749996518, "params": []}, "bench_linalg.Eindot.time_matmul_trans_at_a": {"spread": 0.0010199999999999931, "mean": 0.18979816400042182, "params": []}, "bench_linalg.Eindot.time_matmul_trans_atc_a": {"spread": 0.001469999999999999, "mean": 0.3644050269995205, "params": []}, "bench_linalg.Eindot.time_tensordot_a_b_axes_1_0_0_1": {"spread": 0.00012099999999999611, "mean": 0.09441828600029112, "params": []}, "bench_linalg.Einsum.time_einsum_contig_contig": {"params": ["<class 'numpy.float32'>", "<class 'numpy.float64'>"], "mean": [0.00010826852941118334, 0.00019772144339683264], "spread": [6.549999999999997e-07, 4.11e-06]}, "bench_linalg.Einsum.time_einsum_contig_outstride0": {"params": ["<class 'numpy.float32'>", "<class 'numpy.float64'>"], "mean": [0.00011324920833999386, 0.00019911538678364727], "spread": [5.799999999999978e-07, 1.4800000000000062e-06]}, "bench_linalg.Einsum.time_einsum_mul": {"params": ["<class 'numpy.float32'>", "<class 'numpy.float64'>"], "mean": [0.0007640841333341087, 0.0005922844444891476], "spread": [2.6729999999999983e-05, 2.6960000000000026e-05]}, "bench_linalg.Einsum.time_einsum_multiply": {"params": ["<class 'numpy.float32'>", "<class 'numpy.float64'>"], "mean": [5.090537209092195e-05, 5.6669216930805265e-05], "spread": [3.9750000000000085e-07, 4.844999999999985e-07]}, "bench_linalg.Einsum.time_einsum_noncon_contig_contig": {"params": ["<class 'numpy.float32'>", "<class 'numpy.float64'>"], "mean": [2.52603974035563e-05, 2.601642874458266e-05], "spread": [5.500000000000032e-08, 1.0450000000000044e-07]}, "bench_linalg.Einsum.time_einsum_noncon_contig_outstride0": {"params": ["<class 'numpy.float32'>", "<class 'numpy.float64'>"], "mean": [1.9295960623905174e-05, 1.9578061467680095e-05], "spread": [9.450000000000054e-08, 9.449999999999884e-08]}, "bench_linalg.Einsum.time_einsum_noncon_mul": {"params": ["<class 'numpy.float32'>", "<class 'numpy.float64'>"], "mean": [2.700663874975362e-05, 2.559633294853159e-05], "spread": [3.155000000000006e-07, 1.9400000000000018e-07]}, "bench_linalg.Einsum.time_einsum_noncon_multiply": {"params": ["<class 'numpy.float32'>", "<class 'numpy.float64'>"], "mean": [6.695668910721836e-05, 9.107871138565508e-05], "spread": [6.835000000000012e-07, 8.005000000000002e-07]}, "bench_linalg.Einsum.time_einsum_noncon_outer": {"params": ["<class 'numpy.float32'>", "<class 'numpy.float64'>"], "mean": [0.003045817375095794, 0.006082056750074116], "spread": [0.00016409999999999992, 0.0003221000000000001]}, "bench_linalg.Einsum.time_einsum_noncon_sum_mul": {"params": ["<class 'numpy.float32'>", "<class 'numpy.float64'>"], "mean": [6.792508333496193e-05, 4.4555482907946076e-05], "spread": [9.174999999999993e-07, 3.5650000000000243e-07]}, "bench_linalg.Einsum.time_einsum_noncon_sum_mul2": {"params": ["<class 'numpy.float32'>", "<class 'numpy.float64'>"], "mean": [6.854573417467116e-05, 4.509015756213114e-05], "spread": [5.91999999999997e-07, 6.194999999999997e-07]}, "bench_linalg.Einsum.time_einsum_outer": {"params": ["<class 'numpy.float32'>", "<class 'numpy.float64'>"], "mean": [0.015028546000394272, 0.028452659000322456], "spread": [0.00013349999999999994, 0.00013349999999999994]}, "bench_linalg.Einsum.time_einsum_sum_mul": {"params": ["<class 'numpy.float32'>", "<class 'numpy.float64'>"], "mean": [4.055844269157525e-05, 3.570551774417606e-05], "spread": [3.9600000000000095e-07, 3.5899999999999775e-07]}, "bench_linalg.Einsum.time_einsum_sum_mul2": {"params": ["<class 'numpy.float32'>", "<class 'numpy.float64'>"], "mean": [4.0924126925836815e-05, 3.609165084788525e-05], "spread": [1.23e-06, 3.5900000000000114e-07]}, "bench_linalg.LinAlgTransposeVdot.time_transpose": {"params": ["(32, 32)", "(64, 64)", "(128, 128)"], "mean": [7.931401933793107e-07, 7.981706979905693e-07, 7.955532975225371e-07], "spread": [1.8249999999999783e-09, 1.7800000000000067e-09, 1.0449999999999938e-09]}, "bench_linalg.LinAlgTransposeVdot.time_vdot": {"params": ["(32, 32)", "(64, 64)", "(128, 128)"], "mean": [2.0366129821259157e-06, 5.546466445034863e-06, 2.3578835235123143e-06], "spread": [7.800000000000162e-09, 8.299999999999988e-09, 8.65000000000012e-09]}, "bench_linalg.Linalg.time_det": {"params": ["'complex128'", "'complex64'", "'float32'", "'float64'", "'int16'", "'int32'", "'int64'"], "mean": [0.35235418600132107, 0.3574364029991557, 0.09084295800039399, 0.08893072249975376, 0.09127348199945118, 0.09110941949984408, 0.09136253250017035], "spread": [0.002794999999999992, 0.0005000000000000004, 0.00011850000000000055, 0.0002909999999999996, 0.0004564999999999986, 0.00024149999999999866, 0.00020900000000000085]}, "bench_linalg.Linalg.time_pinv": {"params": ["'complex128'", "'complex64'", "'float32'", "'float64'", "'int16'", "'int32'", "'int64'"], "mean": [4.528129884000009, 3.956637136999234, 1.2070932525002718, 1.329451504499957, 1.329072635000557, 1.3347609644997647, 1.3325831974998437], "spread": [0.0036999999999998145, 0.002950000000000008, 0.003049999999999997, 0.0018000000000000238, 0.0012500000000000844, 0.003250000000000086, 0.0011499999999999844]}, "bench_linalg.Linalg.time_svd": {"params": ["'complex128'", "'complex64'", "'float32'", "'float64'", "'int16'", "'int32'", "'int64'"], "mean": [3.548163876500439, 3.55481945900101, 1.0958522429991717, 1.087325280499499, 1.093428527499782, 1.0928070644995387, 1.0931951169995955], "spread": [0.0021999999999999797, 0.002850000000000019, 0.0027000000000000357, 0.0009500000000000064, 0.001100000000000101, 0.0018500000000000183, 0.0007500000000000284]}, "bench_linalg.LinalgNorm.time_norm": {"params": ["'int16'", "'float16'", "'int32'", "'float32'", "'int64'", "'float64'", "'complex64'", "'complex128'"], "mean": [0.0010725839500082658, 0.004249909500079714, 0.0010714072000155284, 0.0005490970263149632, 0.0012099162778314268, 0.0010699504499825708, 0.003511010999924717, 0.004465415833389367],