{"params": {"arch": "x86_64", "cpu": "Intel(R) Xeon(R) Platinum 8259CL CPU @ 2.50GHz", "machine": "asv machine", "num_cpu": "2", "os": "Linux 6.8.0-1009-aws", "ram": "8008632", "python": "3.12", "Cython": "", "build": "", "packaging": ""}, "results": {"bench_linalg.Eindot.time_dot_a_b": {"spread": 0.0004149999999999987, "mean": 0.4397292784997262, "params": []}, "bench_linalg.Eindot.time_dot_d_dot_b_c": {"spread": 3.539999999999999e-05, "mean": 0.0019235759999511565, "params": []}, "bench_linalg.Eindot.time_dot_trans_a_at": {"spread": 0.00011699999999999905, "mean": 0.06284132349992433, "params": []}, "bench_linalg.Eindot.time_dot_trans_a_atc": {"spread": 0.0004200000000000037, "mean": 0.11037546150055277, "params": []}, "bench_linalg.Eindot.time_dot_trans_at_a": {"spread": 0.0005349999999999938, "mean": 0.15647233500021684, "params": []}, "bench_linalg.Eindot.time_dot_trans_atc_a": {"spread": 0.0007149999999999934, "mean": 0.2960490874993411, "params": []}, "bench_linalg.Eindot.time_einsum_i_ij_j": {"spread": 6.149999999999992e-05, "mean": 0.010326378000172554, "params": []}, "bench_linalg.Eindot.time_einsum_ij_jk_a_b": {"spread": 0.050650000000000084, "mean": 1.203026450500147, "params": []}, "bench_linalg.Eindot.time_einsum_ijk_jil_kl": {"spread": 0.0061149999999999816, "mean": 0.9718251725007576, "params": []}, "bench_linalg.Eindot.time_inner_trans_a_a": {"spread": 0.00010149999999999743, "mean": 0.06258171500030585, "params": []}, "bench_linalg.Eindot.time_inner_trans_a_ac": {"spread": 0.00018999999999999573, "mean": 0.11019645099986519, "params": []}, "bench_linalg.Eindot.time_matmul_a_b": {"spread": 0.00028000000000000247, "mean": 0.43853060600031313, "params": []}, "bench_linalg.Eindot.time_matmul_d_matmul_b_c": {"spread": 1.344999999999992e-05, "mean": 0.0019196596428758183, "params": []}, "bench_linalg.Eindot.time_matmul_trans_a_at": {"spread": 0.00011250000000000149, "mean": 0.062317311500009964, "params": []}, "bench_linalg.Eindot.time_matmul_trans_a_atc": {"spread": 0.0005049999999999985, "mean": 0.10970591049954237, "params": []}, "bench_linalg.Eindot.time_matmul_trans_at_a": {"spread": 0.001344999999999999, "mean": 0.15504099699955987, "params": []}, "bench_linalg.Eindot.time_matmul_trans_atc_a": {"spread": 0.0005050000000000054, "mean": 0.29282748850073403, "params": []}, "bench_linalg.Eindot.time_tensordot_a_b_axes_1_0_0_1": {"spread": 0.00024249999999999966, "mean": 0.0804174820004846, "params": []}, "bench_linalg.Einsum.time_einsum_contig_contig": {"params": ["<class 'numpy.float32'>", "<class 'numpy.float64'>"], "mean": [0.00010786252631461187, 0.00019305419811884486], "spread": [7.199999999999999e-07, 3.8950000000000025e-06]}, "bench_linalg.Einsum.time_einsum_contig_outstride0": {"params": ["<class 'numpy.float32'>", "<class 'numpy.float64'>"], "mean": [0.00011367963187504946, 0.00019857630356260155], "spread": [9.399999999999944e-07, 1.1399999999999925e-06]}, "bench_linalg.Einsum.time_einsum_mul": {"params": ["<class 'numpy.float32'>", "<class 'numpy.float64'>"], "mean": [0.0007434963332949943, 0.0005845900277563487], "spread": [3.216499999999996e-05, 3.185499999999996e-05]}, "bench_linalg.Einsum.time_einsum_multiply": {"params": ["<class 'numpy.float32'>", "<class 'numpy.float64'>"], "mean": [5.003858945234876e-05, 5.569892447946738e-05], "spread": [8.429999999999985e-07, 4.605000000000001e-07]}, "bench_linalg.Einsum.time_einsum_noncon_contig_contig": {"params": ["<class 'numpy.float32'>", "<class 'numpy.float64'>"], "mean": [2.45355023099736e-05, 2.531984411130617e-05], "spread": [7.249999999999973e-08, 5.8499999999999525e-08]}, "bench_linalg.Einsum.time_einsum_noncon_contig_outstride0": {"params": ["<class 'numpy.float32'>", "<class 'numpy.float64'>"], "mean": [1.8573472223989648e-05, 1.876986751971671e-05], "spread": [5.4499999999999224e-08, 1.0249999999999944e-07]}, "bench_linalg.Einsum.time_einsum_noncon_mul": {"params": ["<class 'numpy.float32'>", "<class 'numpy.float64'>"], "mean": [2.613329597211385e-05, 2.452564431636843e-05], "spread": [1.0700000000000084e-07, 1.0649999999999974e-07]}, "bench_linalg.Einsum.time_einsum_noncon_multiply": {"params": ["<class 'numpy.float32'>", "<class 'numpy.float64'>"], "mean": [6.642027639590316e-05, 8.937756612329033e-05], "spread": [2.709999999999979e-07, 1.3340000000000045e-06]}, "bench_linalg.Einsum.time_einsum_noncon_outer": {"params": ["<class 'numpy.float32'>", "<class 'numpy.float64'>"], "mean": [0.0024602047000371386, 0.0050075031664770595], "spread": [0.00010055000000000003, 0.00022840000000000013]}, "bench_linalg.Einsum.time_einsum_noncon_sum_mul": {"params": ["<class 'numpy.float32'>", "<class 'numpy.float64'>"], "mean": [6.629349696926179e-05, 4.406773877773809e-05], "spread": [8.849999999999958e-07, 3.3499999999999933e-07]}, "bench_linalg.Einsum.time_einsum_noncon_sum_mul2": {"params": ["<class 'numpy.float32'>", "<class 'numpy.float64'>"], "mean": [6.784053636114219e-05, 4.422599177055062e-05], "spread": [1.1720000000000017e-06, 5.625000000000001e-07]}, "bench_linalg.Einsum.time_einsum_outer": {"params": ["<class 'numpy.float32'>", "<class 'numpy.float64'>"], "mean": [0.012367879499834089, 0.025516403499750595], "spread": [0.0004659999999999994, 0.0005489999999999991]}, "bench_linalg.Einsum.time_einsum_sum_mul": {"params": ["<class 'numpy.float32'>", "<class 'numpy.float64'>"], "mean": [3.958134866096356e-05, 3.476554761691082e-05], "spread": [2.404999999999988e-07, 1.1500000000000144e-07]}, "bench_linalg.Einsum.time_einsum_sum_mul2": {"params": ["<class 'numpy.float32'>", "<class 'numpy.float64'>"], "mean": [4.019600000022781e-05, 3.5108265414960006e-05], "spread": [4.679999999999996e-07, 2.2300000000000108e-07]}, "bench_linalg.LinAlgTransposeVdot.time_transpose": {"params": ["(32, 32)", "(64, 64)", "(128, 128)"], "mean": [7.503480243871429e-07, 7.534039530905785e-07, 7.497080879160021e-07], "spread": [1.0949999999999976e-09, 7.399999999999921e-10, 5.599999999999997e-10]}, "bench_linalg.LinAlgTransposeVdot.time_vdot": {"params": ["(32, 32)", "(64, 64)", "(128, 128)"], "mean": [1.8734492466108334e-06, 5.40977766752941e-06, 2.2255845837832145e-06], "spread": [1.2499999999999986e-08, 1.214999999999996e-08, 6.299999999999838e-09]}, "bench_linalg.Linalg.time_det": {"params": ["'complex128'", "'complex64'", "'float32'", "'float64'", "'int16'", "'int32'", "'int64'"], "mean": [0.3066891754997414, 0.3090595724997911, 0.07761744950039429, 0.07658012649972079, 0.07820177150006202, 0.07828895350030507, 0.07848383649979951], "spread": [0.00021499999999999297, 0.00039000000000000146, 0.0002894999999999981, 0.0001444999999999988, 0.00014200000000000323, 0.00019050000000000317, 0.00046449999999999964]}, "bench_linalg.Linalg.time_pinv": {"params": ["'complex128'", "'complex64'", "'float32'", "'float64'", "'int16'", "'int32'", "'int64'"], "mean": [4.561873953000031, 4.1596525280001515, 1.1111136275003446, 1.1988007005002146, 1.2034009385006357, 1.2020881365006062, 1.2035833429999911], "spread": [0.0021999999999997577, 0.000600000000000378, 0.0017499999999999183, 0.0006000000000000449, 0.0014500000000000624, 0.0012499999999999734, 0.0022499999999999742]}, "bench_linalg.Linalg.time_svd": {"params": ["'complex128'", "'complex64'", "'float32'", "'float64'", "'int16'", "'int32'", "'int64'"], "mean": [3.7727144484997552, 3.778170648500236, 1.0097192434986937, 1.0056284954998773, 1.0098111039997093, 1.0105920375008282, 1.011636913500297], "spread": [0.003649999999999931, 0.0018500000000001293, 0.0020000000000000018, 0.0007999999999999119, 0.001100000000000101, 0.0015000000000000568, 0.0018499999999999073]}, "bench_linalg.LinalgNorm.time_norm": {"params": ["'int16'", "'float16'", "'int32'", "'float32'", "'int64'", "'float64'", "'complex64'", "'complex128'"], "mean": [0.0017173621666491576, 0.004210774666717043, 0.001709392500136649, 0.000565845222202673, 0.0017128180834333762, 0.0010683756499929586, 0.0020266007000827816, 0.002890154500164499],