{"params": {"arch": "x86_64", "cpu": "Intel(R) Xeon(R) Platinum 8259CL CPU @ 2.50GHz", "machine": "asv machine", "num_cpu": "2", "os": "Linux 6.8.0-1009-aws", "ram": "8008632", "python": "3.12", "Cython": "", "build": "", "packaging": ""}, "results": {"bench_linalg.Eindot.time_dot_a_b": {"spread": 0.00028149999999999703, "mean": 0.08106632149974757, "params": []}, "bench_linalg.Eindot.time_dot_d_dot_b_c": {"spread": 4.930000000000006e-05, "mean": 0.0017324195000583131, "params": []}, "bench_linalg.Eindot.time_dot_trans_a_at": {"spread": 0.00023499999999999997, "mean": 0.013031814499299799, "params": []}, "bench_linalg.Eindot.time_dot_trans_a_atc": {"spread": 0.00041500000000000044, "mean": 0.02198764150034549, "params": []}, "bench_linalg.Eindot.time_dot_trans_at_a": {"spread": 0.00041050000000000114, "mean": 0.037411741499454365, "params": []}, "bench_linalg.Eindot.time_dot_trans_atc_a": {"spread": 0.0004300000000000033, "mean": 0.0532312279992766, "params": []}, "bench_linalg.Eindot.time_einsum_i_ij_j": {"spread": 4.6000000000000034e-05, "mean": 0.010305416000392142, "params": []}, "bench_linalg.Eindot.time_einsum_ij_jk_a_b": {"spread": 0.046050000000000035, "mean": 1.305301673500253, "params": []}, "bench_linalg.Eindot.time_einsum_ijk_jil_kl": {"spread": 0.0063650000000000095, "mean": 0.9657946604993413, "params": []}, "bench_linalg.Eindot.time_inner_trans_a_a": {"spread": 0.0003089999999999994, "mean": 0.012836009499551437, "params": []}, "bench_linalg.Eindot.time_inner_trans_a_ac": {"spread": 0.0002249999999999995, "mean": 0.02200374899985036, "params": []}, "bench_linalg.Eindot.time_matmul_a_b": {"spread": 0.0005810000000000051, "mean": 0.08059308450083336, "params": []}, "bench_linalg.Eindot.time_matmul_d_matmul_b_c": {"spread": 3.679999999999992e-05, "mean": 0.0017214912500094215, "params": []}, "bench_linalg.Eindot.time_matmul_trans_a_at": {"spread": 0.00027199999999999967, "mean": 0.012440915499610128, "params": []}, "bench_linalg.Eindot.time_matmul_trans_a_atc": {"spread": 0.0004159999999999997, "mean": 0.02175736450135446, "params": []}, "bench_linalg.Eindot.time_matmul_trans_at_a": {"spread": 0.0006194999999999985, "mean": 0.035000602499167144, "params": []}, "bench_linalg.Eindot.time_matmul_trans_atc_a": {"spread": 0.00043500000000000136, "mean": 0.05226248700000724, "params": []}, "bench_linalg.Eindot.time_tensordot_a_b_axes_1_0_0_1": {"spread": 0.00010599999999999846, "mean": 0.035594852999565774, "params": []}, "bench_linalg.Einsum.time_einsum_contig_contig": {"params": ["<class 'numpy.float32'>", "<class 'numpy.float64'>"], "mean": [0.00010869889109305252, 0.0001960312452900085], "spread": [6.700000000000054e-07, 3.165000000000001e-06]}, "bench_linalg.Einsum.time_einsum_contig_outstride0": {"params": ["<class 'numpy.float32'>", "<class 'numpy.float64'>"], "mean": [0.00011391698888271802, 0.00019875249998387351], "spread": [8.299999999999971e-07, 1.9000000000000055e-06]}, "bench_linalg.Einsum.time_einsum_mul": {"params": ["<class 'numpy.float32'>", "<class 'numpy.float64'>"], "mean": [0.0007436384999285413, 0.0005945267222260656], "spread": [3.600000000000001e-05, 2.2000000000000047e-05]}, "bench_linalg.Einsum.time_einsum_multiply": {"params": ["<class 'numpy.float32'>", "<class 'numpy.float64'>"], "mean": [5.116635307889505e-05, 5.7131402233643805e-05], "spread": [5.079999999999992e-07, 3.069999999999989e-07]}, "bench_linalg.Einsum.time_einsum_noncon_contig_contig": {"params": ["<class 'numpy.float32'>", "<class 'numpy.float64'>"], "mean": [2.5447967933433358e-05, 2.6055344999349473e-05], "spread": [4.0500000000000713e-08, 1.1050000000000004e-07]}, "bench_linalg.Einsum.time_einsum_noncon_contig_outstride0": {"params": ["<class 'numpy.float32'>", "<class 'numpy.float64'>"], "mean": [1.8934637630227622e-05, 1.9372817938479463e-05], "spread": [8.400000000000123e-08, 1.2349999999999975e-07]}, "bench_linalg.Einsum.time_einsum_noncon_mul": {"params": ["<class 'numpy.float32'>", "<class 'numpy.float64'>"], "mean": [2.677003970395262e-05, 2.5458344262900582e-05], "spread": [1.1199999999999994e-07, 1.0649999999999974e-07]}, "bench_linalg.Einsum.time_einsum_noncon_multiply": {"params": ["<class 'numpy.float32'>", "<class 'numpy.float64'>"], "mean": [6.729462654815798e-05, 9.02103016595308e-05], "spread": [5.81e-07, 8.670000000000037e-07]}, "bench_linalg.Einsum.time_einsum_noncon_outer": {"params": ["<class 'numpy.float32'>", "<class 'numpy.float64'>"], "mean": [0.0024512072999641533, 0.0045690296668302235], "spread": [9.589999999999989e-05, 0.00023430000000000022]}, "bench_linalg.Einsum.time_einsum_noncon_sum_mul": {"params": ["<class 'numpy.float32'>", "<class 'numpy.float64'>"], "mean": [6.837042546524668e-05, 4.4401126016476534e-05], "spread": [5.669999999999964e-07, 3.2599999999999993e-07]}, "bench_linalg.Einsum.time_einsum_noncon_sum_mul2": {"params": ["<class 'numpy.float32'>", "<class 'numpy.float64'>"], "mean": [6.848576510229949e-05, 4.424757630713649e-05], "spread": [7.259999999999995e-07, 4.0950000000000006e-07]}, "bench_linalg.Einsum.time_einsum_outer": {"params": ["<class 'numpy.float32'>", "<class 'numpy.float64'>"], "mean": [0.012860520499089034, 0.0251723765004499], "spread": [0.0004645000000000005, 9.99999999999994e-05]}, "bench_linalg.Einsum.time_einsum_sum_mul": {"params": ["<class 'numpy.float32'>", "<class 'numpy.float64'>"], "mean": [4.014436446942411e-05, 3.563643408260964e-05], "spread": [2.919999999999999e-07, 1.4649999999999936e-07]}, "bench_linalg.Einsum.time_einsum_sum_mul2": {"params": ["<class 'numpy.float32'>", "<class 'numpy.float64'>"], "mean": [4.068355147022457e-05, 3.550583168551312e-05], "spread": [4.6000000000000237e-07, 2.964999999999996e-07]}, "bench_linalg.LinAlgTransposeVdot.time_transpose": {"params": ["(32, 32)", "(64, 64)", "(128, 128)"], "mean": [7.68209339200001e-07, 7.675895589427035e-07, 7.629040951681774e-07], "spread": [3.610000000000017e-09, 5.195000000000041e-09, 5.8049999999999914e-09]}, "bench_linalg.LinAlgTransposeVdot.time_vdot": {"params": ["(32, 32)", "(64, 64)", "(128, 128)"], "mean": [1.9540380032476125e-06, 5.470925665328441e-06, 2.281101888388911e-06], "spread": [6.500000000000065e-09, 1.1550000000000338e-08, 6.949999999999993e-09]}, "bench_linalg.Linalg.time_det": {"params": ["'complex128'", "'complex64'", "'float32'", "'float64'", "'int16'", "'int32'", "'int64'"], "mean": [0.06706778650004708, 0.06919088500035286, 0.03126822500144044, 0.029816528000992548, 0.03140820599946892, 0.031168419000096037, 0.03165420449931844], "spread": [0.0006379999999999997, 0.00035700000000000315, 0.00011800000000000005, 0.00015899999999999942, 0.0005380000000000003, 0.00010950000000000196, 0.00018299999999999914]}, "bench_linalg.Linalg.time_pinv": {"params": ["'complex128'", "'complex64'", "'float32'", "'float64'", "'int16'", "'int32'", "'int64'"], "mean": [1.4178380555003969, 1.3140474194997296, 0.5389029019997906, 0.5507201774998975, 0.5543911534996369, 0.5532937400002993, 0.555778464499781], "spread": [0.0027000000000000357, 0.0020000000000000018, 0.0009100000000000219, 0.0006999999999999784, 0.0020600000000000063, 0.000490000000000046, 0.0028499999999999637]}, "bench_linalg.Linalg.time_svd": {"params": ["'complex128'", "'complex64'", "'float32'", "'float64'", "'int16'", "'int32'", "'int64'"], "mean": [1.2479433175003578, 1.2555289734991675, 0.5173382410002887, 0.5114983809999103, 0.5160451409992675, 0.5157676085000276, 0.5153918175001309], "spread": [0.0008499999999999064, 0.0020499999999999963, 0.00188499999999997, 0.0018799999999999928, 0.001375000000000015, 0.001784999999999981, 0.0013699999999999823]}, "bench_linalg.LinalgNorm.time_norm": {"params": ["'int16'", "'float16'", "'int32'", "'float32'", "'int64'", "'float64'", "'complex64'", "'complex128'"], "mean": [0.0017906609167160545, 0.004228897666810857, 0.001777247166652766, 0.0005376937368438168, 0.0017789745000603339, 0.0010568372999841813, 0.002032529299867747, 0.003136144875043101],