{"params": {"arch": "x86_64", "cpu": "Intel(R) Xeon(R) Platinum 8259CL CPU @ 2.50GHz", "machine": "asv machine", "num_cpu": "2", "os": "Linux 6.8.0-1009-aws", "ram": "8008632", "python": "3.12", "Cython": "", "build": "", "packaging": ""}, "results": {"bench_linalg.Eindot.time_dot_a_b": {"spread": 0.0020299999999999763, "mean": 0.5256166724993818, "params": []}, "bench_linalg.Eindot.time_dot_d_dot_b_c": {"spread": 3.479999999999998e-05, "mean": 0.0019193278572596942, "params": []}, "bench_linalg.Eindot.time_dot_trans_a_at": {"spread": 0.0005350000000000008, "mean": 0.06744434100073704, "params": []}, "bench_linalg.Eindot.time_dot_trans_a_atc": {"spread": 0.0012750000000000122, "mean": 0.13179902150022826, "params": []}, "bench_linalg.Eindot.time_dot_trans_at_a": {"spread": 0.0005849999999999883, "mean": 0.18452442000034353, "params": []}, "bench_linalg.Eindot.time_dot_trans_atc_a": {"spread": 0.0016450000000000076, "mean": 0.3516027840005336, "params": []}, "bench_linalg.Eindot.time_einsum_i_ij_j": {"spread": 5.5499999999999994e-05, "mean": 0.010354403249948518, "params": []}, "bench_linalg.Eindot.time_einsum_ij_jk_a_b": {"spread": 0.037250000000000005, "mean": 1.3076415445002567, "params": []}, "bench_linalg.Eindot.time_einsum_ijk_jil_kl": {"spread": 0.007434999999999969, "mean": 0.9698947770002633, "params": []}, "bench_linalg.Eindot.time_inner_trans_a_a": {"spread": 0.0006480000000000027, "mean": 0.06705783249981323, "params": []}, "bench_linalg.Eindot.time_inner_trans_a_ac": {"spread": 0.001125000000000001, "mean": 0.13192885599983128, "params": []}, "bench_linalg.Eindot.time_matmul_a_b": {"spread": 0.0013599999999999723, "mean": 0.5257709699999396, "params": []}, "bench_linalg.Eindot.time_matmul_d_matmul_b_c": {"spread": 2.4849999999999872e-05, "mean": 0.0019402540714768943, "params": []}, "bench_linalg.Eindot.time_matmul_trans_a_at": {"spread": 0.00044850000000000445, "mean": 0.06686083549993782, "params": []}, "bench_linalg.Eindot.time_matmul_trans_a_atc": {"spread": 0.0012999999999999956, "mean": 0.1324994365004386, "params": []}, "bench_linalg.Eindot.time_matmul_trans_at_a": {"spread": 0.0002899999999999986, "mean": 0.18235833900052967, "params": []}, "bench_linalg.Eindot.time_matmul_trans_atc_a": {"spread": 0.0007349999999999857, "mean": 0.34868751099929796, "params": []}, "bench_linalg.Eindot.time_tensordot_a_b_axes_1_0_0_1": {"spread": 0.0003175000000000053, "mean": 0.09213799699955416, "params": []}, "bench_linalg.Einsum.time_einsum_contig_contig": {"params": ["<class 'numpy.float32'>", "<class 'numpy.float64'>"], "mean": [0.00010749330287860805, 0.00019378545452623672], "spread": [1.1649999999999999e-06, 8.649999999999993e-07]}, "bench_linalg.Einsum.time_einsum_contig_outstride0": {"params": ["<class 'numpy.float32'>", "<class 'numpy.float64'>"], "mean": [0.00011323912371828799, 0.00019829457272532057], "spread": [6.29999999999999e-07, 7.000000000000035e-07]}, "bench_linalg.Einsum.time_einsum_mul": {"params": ["<class 'numpy.float32'>", "<class 'numpy.float64'>"], "mean": [0.000742402566599291, 0.0005891860555998897], "spread": [3.187999999999997e-05, 2.880500000000002e-05]}, "bench_linalg.Einsum.time_einsum_multiply": {"params": ["<class 'numpy.float32'>", "<class 'numpy.float64'>"], "mean": [5.0191856098535935e-05, 5.58611237165772e-05], "spread": [5.025000000000007e-07, 6.409999999999995e-07]}, "bench_linalg.Einsum.time_einsum_noncon_contig_contig": {"params": ["<class 'numpy.float32'>", "<class 'numpy.float64'>"], "mean": [2.4515714288011163e-05, 2.521457159299566e-05], "spread": [1.1450000000000034e-07, 1.9149999999999978e-07]}, "bench_linalg.Einsum.time_einsum_noncon_contig_outstride0": {"params": ["<class 'numpy.float32'>", "<class 'numpy.float64'>"], "mean": [1.8605198970807443e-05, 1.8912273997138317e-05], "spread": [1.1299999999999875e-07, 9.600000000000044e-08]}, "bench_linalg.Einsum.time_einsum_noncon_mul": {"params": ["<class 'numpy.float32'>", "<class 'numpy.float64'>"], "mean": [2.6031056087984906e-05, 2.4539101790574013e-05], "spread": [2.1650000000000038e-07, 2.329999999999993e-07]}, "bench_linalg.Einsum.time_einsum_noncon_multiply": {"params": ["<class 'numpy.float32'>", "<class 'numpy.float64'>"], "mean": [6.771031494045256e-05, 8.988034016033825e-05], "spread": [7.275000000000028e-07, 1.2245000000000016e-06]}, "bench_linalg.Einsum.time_einsum_noncon_outer": {"params": ["<class 'numpy.float32'>", "<class 'numpy.float64'>"], "mean": [0.00244596359989373, 0.005131606500071939], "spread": [0.00011494999999999995, 0.00024609999999999996]}, "bench_linalg.Einsum.time_einsum_noncon_sum_mul": {"params": ["<class 'numpy.float32'>", "<class 'numpy.float64'>"], "mean": [6.623810542301529e-05, 4.373252964947831e-05], "spread": [8.704999999999978e-07, 5.419999999999992e-07]}, "bench_linalg.Einsum.time_einsum_noncon_sum_mul2": {"params": ["<class 'numpy.float32'>", "<class 'numpy.float64'>"], "mean": [6.697853549823409e-05, 4.439313060898638e-05], "spread": [7.985000000000026e-07, 4.804999999999999e-07]}, "bench_linalg.Einsum.time_einsum_outer": {"params": ["<class 'numpy.float32'>", "<class 'numpy.float64'>"], "mean": [0.012660872500418918, 0.025728862000505615], "spread": [0.0002230000000000001, 0.00027199999999999967]}, "bench_linalg.Einsum.time_einsum_sum_mul": {"params": ["<class 'numpy.float32'>", "<class 'numpy.float64'>"], "mean": [4.0253716478675335e-05, 3.5221003135146216e-05], "spread": [3.5449999999999805e-07, 2.820000000000017e-07]}, "bench_linalg.Einsum.time_einsum_sum_mul2": {"params": ["<class 'numpy.float32'>", "<class 'numpy.float64'>"], "mean": [4.059611904637307e-05, 3.537410203862732e-05], "spread": [6.97499999999998e-07, 2.880000000000013e-07]}, "bench_linalg.LinAlgTransposeVdot.time_transpose": {"params": ["(32, 32)", "(64, 64)", "(128, 128)"], "mean": [7.777969609008213e-07, 7.783294101231587e-07, 7.771914621033764e-07], "spread": [3.3050000000000154e-09, 4.975000000000003e-09, 5.190000000000009e-09]}, "bench_linalg.LinAlgTransposeVdot.time_vdot": {"params": ["(32, 32)", "(64, 64)", "(128, 128)"], "mean": [1.8813481999537378e-06, 5.411709701353238e-06, 2.217360643960336e-06], "spread": [7.800000000000057e-09, 1.3200000000000145e-08, 8.649999999999909e-09]}, "bench_linalg.Linalg.time_det": {"params": ["'complex128'", "'complex64'", "'float32'", "'float64'", "'int16'", "'int32'", "'int64'"], "mean": [0.3672037590004038, 0.3699808450001001, 0.09416738399977476, 0.09325038850056444, 0.09481017750113097, 0.09499445900019055, 0.09479004500099109], "spread": [0.0012399999999999911, 0.00138000000000002, 0.00023000000000000104, 0.0004809999999999953, 0.0003980000000000025, 0.00023250000000000354, 0.0003645000000000037]}, "bench_linalg.Linalg.time_pinv": {"params": ["'complex128'", "'complex64'", "'float32'", "'float64'", "'int16'", "'int32'", "'int64'"], "mean": [5.01568068350025, 4.640777701000843, 1.2124831840001207, 1.2975315989997398, 1.3038891255000635, 1.3020868925004834, 1.302052248000109], "spread": [0.0033000000000003027, 0.0016500000000001513, 0.0020000000000000018, 0.0015999999999999348, 0.0013999999999999568, 0.0014000000000000679, 0.0007500000000000284]}, "bench_linalg.Linalg.time_svd": {"params": ["'complex128'", "'complex64'", "'float32'", "'float64'", "'int16'", "'int32'", "'int64'"], "mean": [4.093589840500499, 4.094122156499907, 1.066056045499863, 1.0631991250002102, 1.0652147059990966, 1.065396932001022, 1.067028287499852], "spread": [0.0040000000000000036, 0.0013999999999998458, 0.0017500000000000293, 0.0011499999999999844, 0.0013500000000000734, 0.0020999999999999908, 0.0013000000000000789]}, "bench_linalg.LinalgNorm.time_norm": {"params": ["'int16'", "'float16'", "'int32'", "'float32'", "'int64'", "'float64'", "'complex64'", "'complex128'"], "mean": [0.00108927199999016, 0.004220990000249003, 0.0010954480000691547, 0.0005659021666765006, 0.0011975564444178923, 0.0010776526499284957, 0.0033451304998379783, 0.003333522333377914],