{"params": {"arch": "x86_64", "cpu": "Intel(R) Xeon(R) Platinum 8259CL CPU @ 2.50GHz", "machine": "ip-172-31-25-34", "num_cpu": "2", "os": "Linux 6.8.0-1009-aws", "ram": "8008640", "python": "3.12", "Cython": "", "build": "", "packaging": ""}, "results": {"bench_linalg.Eindot.time_dot_a_b": {"spread": 0.00035249999999999865, "mean": 0.08283597849913349, "params": []}, "bench_linalg.Eindot.time_dot_d_dot_b_c": {"spread": 2.165000000000001e-05, "mean": 0.0022121290000671123, "params": []}, "bench_linalg.Eindot.time_dot_trans_a_at": {"spread": 9.500000000000047e-05, "mean": 0.013361551000343752, "params": []}, "bench_linalg.Eindot.time_dot_trans_a_atc": {"spread": 0.00019699999999999926, "mean": 0.022570662000362063, "params": []}, "bench_linalg.Eindot.time_dot_trans_at_a": {"spread": 0.0001470000000000013, "mean": 0.039688424501036934, "params": []}, "bench_linalg.Eindot.time_dot_trans_atc_a": {"spread": 0.0005909999999999978, "mean": 0.055366059000334644, "params": []}, "bench_linalg.Eindot.time_einsum_i_ij_j": {"spread": 3.300000000000004e-05, "mean": 0.010424954500194872, "params": []}, "bench_linalg.Eindot.time_einsum_ij_jk_a_b": {"spread": 0.028800000000000048, "mean": 1.546022911500586, "params": []}, "bench_linalg.Eindot.time_einsum_ijk_jil_kl": {"spread": 0.006425000000000014, "mean": 0.9645079989995793, "params": []}, "bench_linalg.Eindot.time_inner_trans_a_a": {"spread": 6.399999999999982e-05, "mean": 0.013455478499963647, "params": []}, "bench_linalg.Eindot.time_inner_trans_a_ac": {"spread": 0.00011599999999999978, "mean": 0.022294485999736935, "params": []}, "bench_linalg.Eindot.time_matmul_a_b": {"spread": 0.0002889999999999976, "mean": 0.0818765115000133, "params": []}, "bench_linalg.Eindot.time_matmul_d_matmul_b_c": {"spread": 9.314999999999996e-05, "mean": 0.0020864631427944657, "params": []}, "bench_linalg.Eindot.time_matmul_trans_a_at": {"spread": 0.00011599999999999978, "mean": 0.013050995000412513, "params": []}, "bench_linalg.Eindot.time_matmul_trans_a_atc": {"spread": 0.000197000000000001, "mean": 0.022500916000353754, "params": []}, "bench_linalg.Eindot.time_matmul_trans_at_a": {"spread": 0.00016449999999999798, "mean": 0.036480892000327, "params": []}, "bench_linalg.Eindot.time_matmul_trans_atc_a": {"spread": 0.0004809999999999988, "mean": 0.053606579499501095, "params": []}, "bench_linalg.Eindot.time_tensordot_a_b_axes_1_0_0_1": {"spread": 0.00016199999999999895, "mean": 0.036283163499319926, "params": []}, "bench_linalg.Einsum.time_einsum_contig_contig": {"params": ["<class 'numpy.float32'>", "<class 'numpy.float64'>"], "mean": [0.00010888296078608655, 0.00019549413157125074], "spread": [2.450000000000019e-07, 2.2950000000000043e-06]}, "bench_linalg.Einsum.time_einsum_contig_outstride0": {"params": ["<class 'numpy.float32'>", "<class 'numpy.float64'>"], "mean": [0.00011409385567191945, 0.00020073135454533092], "spread": [1.0099999999999988e-06, 3.254999999999995e-06]}, "bench_linalg.Einsum.time_einsum_mul": {"params": ["<class 'numpy.float32'>", "<class 'numpy.float64'>"], "mean": [0.0007543083000200567, 0.0005990129166598814], "spread": [3.535499999999999e-05, 3.0625e-05]}, "bench_linalg.Einsum.time_einsum_multiply": {"params": ["<class 'numpy.float32'>", "<class 'numpy.float64'>"], "mean": [5.0383530946246104e-05, 5.6961224328079955e-05], "spread": [4.0500000000000036e-07, 2.429999999999975e-07]}, "bench_linalg.Einsum.time_einsum_noncon_contig_contig": {"params": ["<class 'numpy.float32'>", "<class 'numpy.float64'>"], "mean": [2.4988795081699465e-05, 2.5616903001941688e-05], "spread": [9.150000000000073e-08, 3.8000000000000314e-08]}, "bench_linalg.Einsum.time_einsum_noncon_contig_outstride0": {"params": ["<class 'numpy.float32'>", "<class 'numpy.float64'>"], "mean": [1.90338727914699e-05, 1.9200734233301185e-05], "spread": [8.200000000000023e-08, 8.000000000000093e-08]}, "bench_linalg.Einsum.time_einsum_noncon_mul": {"params": ["<class 'numpy.float32'>", "<class 'numpy.float64'>"], "mean": [2.6476323245119723e-05, 2.5120289538235096e-05], "spread": [5.0499999999998924e-08, 1.8849999999999997e-07]}, "bench_linalg.Einsum.time_einsum_noncon_multiply": {"params": ["<class 'numpy.float32'>", "<class 'numpy.float64'>"], "mean": [6.736519696432604e-05, 9.090294629120852e-05], "spread": [1.2689999999999975e-06, 5.459999999999978e-07]}, "bench_linalg.Einsum.time_einsum_noncon_outer": {"params": ["<class 'numpy.float32'>", "<class 'numpy.float64'>"], "mean": [0.0026803233000464387, 0.0061265472500053875], "spread": [0.00019110000000000004, 0.000343]}, "bench_linalg.Einsum.time_einsum_noncon_sum_mul": {"params": ["<class 'numpy.float32'>", "<class 'numpy.float64'>"], "mean": [6.634777388739352e-05, 4.4479781123468214e-05], "spread": [3.185000000000004e-07, 4.1149999999999767e-07]}, "bench_linalg.Einsum.time_einsum_noncon_sum_mul2": {"params": ["<class 'numpy.float32'>", "<class 'numpy.float64'>"], "mean": [6.712781874966822e-05, 4.52473663988543e-05], "spread": [1.1125e-06, 7.209999999999987e-07]}, "bench_linalg.Einsum.time_einsum_outer": {"params": ["<class 'numpy.float32'>", "<class 'numpy.float64'>"], "mean": [0.015011903499726031, 0.028602556999430817], "spread": [0.00019999999999999966, 0.00020550000000000082]}, "bench_linalg.Einsum.time_einsum_sum_mul": {"params": ["<class 'numpy.float32'>", "<class 'numpy.float64'>"], "mean": [3.969079151128228e-05, 3.5357056782943196e-05], "spread": [3.220000000000013e-07, 1.7649999999999738e-07]}, "bench_linalg.Einsum.time_einsum_sum_mul2": {"params": ["<class 'numpy.float32'>", "<class 'numpy.float64'>"], "mean": [4.036317843749412e-05, 3.559491012780508e-05], "spread": [1.5300000000000006e-07, 2.914999999999988e-07]}, "bench_linalg.LinAlgTransposeVdot.time_transpose": {"params": ["(32, 32)", "(64, 64)", "(128, 128)"], "mean": [7.54712286255139e-07, 7.633067074173918e-07, 7.637756171731575e-07], "spread": [7.700000000000261e-10, 3.0149999999999512e-09, 3.6250000000000076e-09]}, "bench_linalg.LinAlgTransposeVdot.time_vdot": {"params": ["(32, 32)", "(64, 64)", "(128, 128)"], "mean": [1.9079505485369524e-06, 5.430981886088409e-06, 2.2283770373048566e-06], "spread": [7.700000000000049e-09, 7.650000000000257e-09, 8.949999999999931e-09]}, "bench_linalg.Linalg.time_det": {"params": ["'complex128'", "'complex64'", "'float32'", "'float64'", "'int16'", "'int32'", "'int64'"], "mean": [0.06976715899963892, 0.07218962050046684, 0.03331321899986506, 0.03215190750051988, 0.03324049599996215, 0.033639929500168364, 0.03391779899993708], "spread": [0.00022950000000000054, 0.00021150000000000335, 0.00014199999999999977, 0.00019850000000000076, 0.00011349999999999902, 0.00018149999999999764, 0.0003804999999999989]}, "bench_linalg.Linalg.time_pinv": {"params": ["'complex128'", "'complex64'", "'float32'", "'float64'", "'int16'", "'int32'", "'int64'"], "mean": [1.4550958184991032, 1.3495705850000377, 0.5495991699999649, 0.5528183525002532, 0.5606312300005811, 0.5617889254999682, 0.5616594919993076], "spread": [0.0018500000000000183, 0.0013999999999999568, 0.003944999999999976, 0.001705000000000012, 0.0008149999999999546, 0.0012750000000000261, 0.0012399999999999634]}, "bench_linalg.Linalg.time_svd": {"params": ["'complex128'", "'complex64'", "'float32'", "'float64'", "'int16'", "'int32'", "'int64'"], "mean": [1.2728749040006733, 1.280375331999494, 0.5218335310000839, 0.5140180770004008, 0.5196425550002459, 0.5193604015003075, 0.5220144489994709], "spread": [0.007300000000000084, 0.0028000000000000247, 0.0029799999999999827, 0.0012699999999999934, 0.0012800000000000034, 0.0007099999999999884, 0.0033350000000000324]}, "bench_linalg.LinalgNorm.time_norm": {"params": ["'int16'", "'float16'", "'int32'", "'float32'", "'int64'", "'float64'", "'complex64'", "'complex128'"], "mean": [0.0018069674999120857, 0.004251649166690186, 0.0017906731667001925, 0.0005487667894589034, 0.0018726440833537104, 0.0011049533000004885, 0.0020922824998706345, 0.003501544999987042],