{"params": {"arch": "x86_64", "cpu": "Intel(R) Xeon(R) Platinum 8259CL CPU @ 2.50GHz", "machine": "ip-172-31-25-34", "num_cpu": "2", "os": "Linux 6.8.0-1009-aws", "ram": "8008640", "python": "3.12", "Cython": "", "build": "", "packaging": ""}, "results": {"bench_linalg.Eindot.time_dot_a_b": {"spread": 0.00042950000000000627, "mean": 0.08298393449967989, "params": []}, "bench_linalg.Eindot.time_dot_d_dot_b_c": {"spread": 3.939999999999998e-05, "mean": 0.0021589577141380035, "params": []}, "bench_linalg.Eindot.time_dot_trans_a_at": {"spread": 8.199999999999961e-05, "mean": 0.013447891500618425, "params": []}, "bench_linalg.Eindot.time_dot_trans_a_atc": {"spread": 0.00010399999999999993, "mean": 0.022449390499787114, "params": []}, "bench_linalg.Eindot.time_dot_trans_at_a": {"spread": 0.0001265000000000016, "mean": 0.039742368999213795, "params": []}, "bench_linalg.Eindot.time_dot_trans_atc_a": {"spread": 0.0006504999999999983, "mean": 0.05528701399998681, "params": []}, "bench_linalg.Eindot.time_einsum_i_ij_j": {"spread": 2.3500000000000083e-05, "mean": 0.01043073149958218, "params": []}, "bench_linalg.Eindot.time_einsum_ij_jk_a_b": {"spread": 0.014349999999999974, "mean": 1.53114711949911, "params": []}, "bench_linalg.Eindot.time_einsum_ijk_jil_kl": {"spread": 0.0062550000000000106, "mean": 0.9699655175008957, "params": []}, "bench_linalg.Eindot.time_inner_trans_a_a": {"spread": 1.9499999999999552e-05, "mean": 0.013349149000532634, "params": []}, "bench_linalg.Eindot.time_inner_trans_a_ac": {"spread": 9.250000000000057e-05, "mean": 0.022221223499400367, "params": []}, "bench_linalg.Eindot.time_matmul_a_b": {"spread": 0.00033299999999999996, "mean": 0.08243048300028022, "params": []}, "bench_linalg.Eindot.time_matmul_d_matmul_b_c": {"spread": 3.555000000000008e-05, "mean": 0.0021110135000656427, "params": []}, "bench_linalg.Eindot.time_matmul_trans_a_at": {"spread": 9.30000000000002e-05, "mean": 0.01293803750013467, "params": []}, "bench_linalg.Eindot.time_matmul_trans_a_atc": {"spread": 3.5999999999999574e-05, "mean": 0.022396176499569265, "params": []}, "bench_linalg.Eindot.time_matmul_trans_at_a": {"spread": 0.00028399999999999953, "mean": 0.03673266599889757, "params": []}, "bench_linalg.Eindot.time_matmul_trans_atc_a": {"spread": 0.0004970000000000009, "mean": 0.05356201399990823, "params": []}, "bench_linalg.Eindot.time_tensordot_a_b_axes_1_0_0_1": {"spread": 0.0001899999999999992, "mean": 0.036295222499575175, "params": []}, "bench_linalg.Einsum.time_einsum_contig_contig": {"params": ["<class 'numpy.float32'>", "<class 'numpy.float64'>"], "mean": [0.00010944294148856066, 0.00019588366982168496], "spread": [6.800000000000003e-07, 1.4499999999999946e-06]}, "bench_linalg.Einsum.time_einsum_contig_outstride0": {"params": ["<class 'numpy.float32'>", "<class 'numpy.float64'>"], "mean": [0.00011263963157321804, 0.0001996072589430956], "spread": [5.949999999999968e-07, 1.4250000000000075e-06]}, "bench_linalg.Einsum.time_einsum_mul": {"params": ["<class 'numpy.float32'>", "<class 'numpy.float64'>"], "mean": [0.0007514182666758036, 0.0006005668611174365], "spread": [3.6275e-05, 2.6759999999999967e-05]}, "bench_linalg.Einsum.time_einsum_multiply": {"params": ["<class 'numpy.float32'>", "<class 'numpy.float64'>"], "mean": [5.0681362559314613e-05, 5.723881315708767e-05], "spread": [6.764999999999994e-07, 7.139999999999969e-07]}, "bench_linalg.Einsum.time_einsum_noncon_contig_contig": {"params": ["<class 'numpy.float32'>", "<class 'numpy.float64'>"], "mean": [2.5352723933486695e-05, 2.606149045492454e-05], "spread": [3.999999999999962e-08, 1.5600000000000156e-07]}, "bench_linalg.Einsum.time_einsum_noncon_contig_outstride0": {"params": ["<class 'numpy.float32'>", "<class 'numpy.float64'>"], "mean": [1.8746089655655065e-05, 1.8963221441041876e-05], "spread": [1.0399999999999934e-07, 1.4000000000000035e-07]}, "bench_linalg.Einsum.time_einsum_noncon_mul": {"params": ["<class 'numpy.float32'>", "<class 'numpy.float64'>"], "mean": [2.6152257984839474e-05, 2.470822072290183e-05], "spread": [1.7100000000000057e-07, 9.700000000000093e-08]}, "bench_linalg.Einsum.time_einsum_noncon_multiply": {"params": ["<class 'numpy.float32'>", "<class 'numpy.float64'>"], "mean": [6.735597633225079e-05, 9.018043853056505e-05], "spread": [1.5069999999999976e-06, 7.564999999999986e-07]}, "bench_linalg.Einsum.time_einsum_noncon_outer": {"params": ["<class 'numpy.float32'>", "<class 'numpy.float64'>"], "mean": [0.002680950299873075, 0.006044531249699503], "spread": [9.519999999999993e-05, 0.00031459999999999995]}, "bench_linalg.Einsum.time_einsum_noncon_sum_mul": {"params": ["<class 'numpy.float32'>", "<class 'numpy.float64'>"], "mean": [6.532894082829981e-05, 4.421440948182611e-05], "spread": [6.654999999999956e-07, 1.7749999999999957e-07]}, "bench_linalg.Einsum.time_einsum_noncon_sum_mul2": {"params": ["<class 'numpy.float32'>", "<class 'numpy.float64'>"], "mean": [6.629509615171021e-05, 4.472384007974845e-05], "spread": [6.859999999999999e-07, 2.875000000000002e-07]}, "bench_linalg.Einsum.time_einsum_outer": {"params": ["<class 'numpy.float32'>", "<class 'numpy.float64'>"], "mean": [0.014728709499649995, 0.028511477500615], "spread": [8.649999999999977e-05, 0.00014799999999999883]}, "bench_linalg.Einsum.time_einsum_sum_mul": {"params": ["<class 'numpy.float32'>", "<class 'numpy.float64'>"], "mean": [3.99167050372264e-05, 3.5392131328276436e-05], "spread": [5.535000000000007e-07, 3.9650000000000205e-07]}, "bench_linalg.Einsum.time_einsum_sum_mul2": {"params": ["<class 'numpy.float32'>", "<class 'numpy.float64'>"], "mean": [4.0740407942128136e-05, 3.513581518130589e-05], "spread": [3.2099999999999913e-07, 3.119999999999997e-07]}, "bench_linalg.LinAlgTransposeVdot.time_transpose": {"params": ["(32, 32)", "(64, 64)", "(128, 128)"], "mean": [7.563038750433767e-07, 7.602092917354608e-07, 7.554788591532593e-07], "spread": [8.750000000000128e-10, 1.1250000000000316e-09, 7.649999999999939e-10]}, "bench_linalg.LinAlgTransposeVdot.time_vdot": {"params": ["(32, 32)", "(64, 64)", "(128, 128)"], "mean": [1.9199937859511054e-06, 5.414275973735939e-06, 2.2405829977837154e-06], "spread": [5.90000000000002e-09, 1.094999999999987e-08, 9.600000000000086e-09]}, "bench_linalg.Linalg.time_det": {"params": ["'complex128'", "'complex64'", "'float32'", "'float64'", "'int16'", "'int32'", "'int64'"], "mean": [0.06974878100027126, 0.07254584050042467, 0.033226974999706727, 0.03220162249999703, 0.03349956249985553, 0.03384608299984393, 0.0337603455000135], "spread": [0.0004529999999999951, 0.00010849999999999749, 7.650000000000018e-05, 0.00017900000000000207, 6.249999999999659e-05, 5.100000000000243e-05, 9.850000000000136e-05]}, "bench_linalg.Linalg.time_pinv": {"params": ["'complex128'", "'complex64'", "'float32'", "'float64'", "'int16'", "'int32'", "'int64'"], "mean": [1.456510488499589, 1.3473876660000315, 0.5452859494998847, 0.557825371499348, 0.5610513900001024, 0.5611451459990349, 0.5685530194996318], "spread": [0.0022999999999999687, 0.003650000000000042, 0.0005400000000000404, 0.0017999999999999683, 0.0011999999999999789, 0.0011700000000000044, 0.0010549999999999726]}, "bench_linalg.Linalg.time_svd": {"params": ["'complex128'", "'complex64'", "'float32'", "'float64'", "'int16'", "'int32'", "'int64'"], "mean": [1.2766042529992774, 1.2812869330000467, 0.525981523000155, 0.5203020340004514, 0.5202004724997096, 0.5201604819994827, 0.5198701989993424], "spread": [0.0023999999999999577, 0.0028000000000000247, 0.0007450000000000512, 0.0022300000000000098, 0.0004899999999999904, 0.0003750000000000142, 0.0006650000000000267]}, "bench_linalg.LinalgNorm.time_norm": {"params": ["'int16'", "'float16'", "'int32'", "'float32'", "'int64'", "'float64'", "'complex64'", "'complex128'"], "mean": [0.0018112249167643313, 0.004239350666769799, 0.0017950838332581043, 0.0005446254736422194, 0.0018744409167084086, 0.0010851999999431428, 0.002122986599897558, 0.0035069304998008497],