{"params": {"arch": "x86_64", "cpu": "Intel(R) Xeon(R) Platinum 8259CL CPU @ 2.50GHz", "machine": "ip-172-31-25-34", "num_cpu": "2", "os": "Linux 6.8.0-1009-aws", "ram": "8008640", "python": "3.12", "Cython": "", "build": "", "packaging": ""}, "results": {"bench_linalg.Eindot.time_dot_a_b": {"spread": 0.00035850000000000465, "mean": 0.08316402150012436, "params": []}, "bench_linalg.Eindot.time_dot_d_dot_b_c": {"spread": 8.099999999999991e-05, "mean": 0.0019884927857804413, "params": []}, "bench_linalg.Eindot.time_dot_trans_a_at": {"spread": 4.94999999999992e-05, "mean": 0.01325515999997151, "params": []}, "bench_linalg.Eindot.time_dot_trans_a_atc": {"spread": 0.0006870000000000001, "mean": 0.022423899999012065, "params": []}, "bench_linalg.Eindot.time_dot_trans_at_a": {"spread": 0.00014199999999999977, "mean": 0.03931135299899324, "params": []}, "bench_linalg.Eindot.time_dot_trans_atc_a": {"spread": 0.00020500000000000032, "mean": 0.055192129000715795, "params": []}, "bench_linalg.Eindot.time_einsum_i_ij_j": {"spread": 4.6000000000000034e-05, "mean": 0.0103574064996792, "params": []}, "bench_linalg.Eindot.time_einsum_ij_jk_a_b": {"spread": 0.018849999999999922, "mean": 1.5285778084999038, "params": []}, "bench_linalg.Eindot.time_einsum_ijk_jil_kl": {"spread": 0.0071249999999999925, "mean": 0.9642444114997488, "params": []}, "bench_linalg.Eindot.time_inner_trans_a_a": {"spread": 2.249999999999995e-05, "mean": 0.013356155500332534, "params": []}, "bench_linalg.Eindot.time_inner_trans_a_ac": {"spread": 0.0002409999999999999, "mean": 0.02266739399965445, "params": []}, "bench_linalg.Eindot.time_matmul_a_b": {"spread": 0.0003645000000000037, "mean": 0.08210408199920494, "params": []}, "bench_linalg.Eindot.time_matmul_d_matmul_b_c": {"spread": 6.01e-05, "mean": 0.0020885409285256173, "params": []}, "bench_linalg.Eindot.time_matmul_trans_a_at": {"spread": 0.0001010000000000004, "mean": 0.013006793999920774, "params": []}, "bench_linalg.Eindot.time_matmul_trans_a_atc": {"spread": 0.00021700000000000018, "mean": 0.022530680000272696, "params": []}, "bench_linalg.Eindot.time_matmul_trans_at_a": {"spread": 0.0001994999999999983, "mean": 0.0366229179999209, "params": []}, "bench_linalg.Eindot.time_matmul_trans_atc_a": {"spread": 0.00021900000000000044, "mean": 0.053302031999919564, "params": []}, "bench_linalg.Eindot.time_tensordot_a_b_axes_1_0_0_1": {"spread": 0.0001255000000000006, "mean": 0.036198381500071264, "params": []}, "bench_linalg.Einsum.time_einsum_contig_contig": {"params": ["<class 'numpy.float32'>", "<class 'numpy.float64'>"], "mean": [0.00010825832038604963, 0.00019528164148999527], "spread": [3.000000000000005e-07, 4.1850000000000014e-06]}, "bench_linalg.Einsum.time_einsum_contig_outstride0": {"params": ["<class 'numpy.float32'>", "<class 'numpy.float64'>"], "mean": [0.0001127105927846116, 0.00019942190908543787], "spread": [5.55000000000004e-07, 1.615000000000004e-06]}, "bench_linalg.Einsum.time_einsum_mul": {"params": ["<class 'numpy.float32'>", "<class 'numpy.float64'>"], "mean": [0.0007540570713899797, 0.0005891456388680025], "spread": [4.142000000000002e-05, 2.7439999999999995e-05]}, "bench_linalg.Einsum.time_einsum_multiply": {"params": ["<class 'numpy.float32'>", "<class 'numpy.float64'>"], "mean": [4.9736648646570314e-05, 5.646843749692228e-05], "spread": [7.645000000000026e-07, 6.045000000000007e-07]}, "bench_linalg.Einsum.time_einsum_noncon_contig_contig": {"params": ["<class 'numpy.float32'>", "<class 'numpy.float64'>"], "mean": [2.4541485393282518e-05, 2.5221784561488233e-05], "spread": [7.000000000000102e-08, 6.099999999999992e-08]}, "bench_linalg.Einsum.time_einsum_noncon_contig_outstride0": {"params": ["<class 'numpy.float32'>", "<class 'numpy.float64'>"], "mean": [1.8548019232350107e-05, 1.8765559082292757e-05], "spread": [6.900000000000053e-08, 6.249999999999983e-08]}, "bench_linalg.Einsum.time_einsum_noncon_mul": {"params": ["<class 'numpy.float32'>", "<class 'numpy.float64'>"], "mean": [2.600762379774306e-05, 2.4612697280044936e-05], "spread": [2.614999999999991e-07, 3.049999999999996e-07]}, "bench_linalg.Einsum.time_einsum_noncon_multiply": {"params": ["<class 'numpy.float32'>", "<class 'numpy.float64'>"], "mean": [6.687174850766697e-05, 8.934310887026743e-05], "spread": [8.079999999999963e-07, 1.0550000000000026e-06]}, "bench_linalg.Einsum.time_einsum_noncon_outer": {"params": ["<class 'numpy.float32'>", "<class 'numpy.float64'>"], "mean": [0.0029351871000471872, 0.0061987882500034175], "spread": [0.0001244499999999999, 0.00031715]}, "bench_linalg.Einsum.time_einsum_noncon_sum_mul": {"params": ["<class 'numpy.float32'>", "<class 'numpy.float64'>"], "mean": [6.578095833663697e-05, 4.4920778881681465e-05], "spread": [8.22500000000001e-07, 6.430000000000005e-07]}, "bench_linalg.Einsum.time_einsum_noncon_sum_mul2": {"params": ["<class 'numpy.float32'>", "<class 'numpy.float64'>"], "mean": [6.596961470944841e-05, 4.420046653599349e-05], "spread": [5.430000000000048e-07, 5.304999999999977e-07]}, "bench_linalg.Einsum.time_einsum_outer": {"params": ["<class 'numpy.float32'>", "<class 'numpy.float64'>"], "mean": [0.015325162999943132, 0.02871978849907464], "spread": [0.0002444999999999999, 0.0001465000000000008]}, "bench_linalg.Einsum.time_einsum_sum_mul": {"params": ["<class 'numpy.float32'>", "<class 'numpy.float64'>"], "mean": [4.000450537603025e-05, 3.4743957682698825e-05], "spread": [2.689999999999969e-07, 3.2450000000000003e-07]}, "bench_linalg.Einsum.time_einsum_sum_mul2": {"params": ["<class 'numpy.float32'>", "<class 'numpy.float64'>"], "mean": [4.04573973851053e-05, 3.5441705590169715e-05], "spread": [5.13e-07, 4.6150000000000227e-07]}, "bench_linalg.LinAlgTransposeVdot.time_transpose": {"params": ["(32, 32)", "(64, 64)", "(128, 128)"], "mean": [7.505870462009584e-07, 7.534784661015166e-07, 7.531465273423383e-07], "spread": [1.0150000000000127e-09, 2.299999999999961e-10, 1.8599999999999915e-09]}, "bench_linalg.LinAlgTransposeVdot.time_vdot": {"params": ["(32, 32)", "(64, 64)", "(128, 128)"], "mean": [1.903634723682954e-06, 5.449470457341268e-06, 2.233899364014717e-06], "spread": [1.6400000000000067e-08, 4.900000000000156e-09, 1.329999999999994e-08]}, "bench_linalg.Linalg.time_det": {"params": ["'complex128'", "'complex64'", "'float32'", "'float64'", "'int16'", "'int32'", "'int64'"], "mean": [0.06988120000005438, 0.07232420350010216, 0.03328440199857141, 0.03215340049973747, 0.03330704799918749, 0.033500770500722865, 0.03342130800047016], "spread": [0.00015099999999999836, 0.00034, 0.00015899999999999942, 0.00017399999999999707, 8.249999999999924e-05, 0.00015100000000000183, 0.00021850000000000341]}, "bench_linalg.Linalg.time_pinv": {"params": ["'complex128'", "'complex64'", "'float32'", "'float64'", "'int16'", "'int32'", "'int64'"], "mean": [1.4490175869996165, 1.3492694060005306, 0.5453441804993417, 0.5543993035007588, 0.5639725310002177, 0.5657349155007978, 0.567056980500638], "spread": [0.0025000000000000577, 0.0046000000000000485, 0.0014600000000000168, 0.0009599999999999609, 0.0009649999999999936, 0.0015800000000000258, 0.005110000000000003]}, "bench_linalg.Linalg.time_svd": {"params": ["'complex128'", "'complex64'", "'float32'", "'float64'", "'int16'", "'int32'", "'int64'"], "mean": [1.2706583085000602, 1.2821125910004412, 0.5226140554996164, 0.5124458680002135, 0.5228005224998924, 0.5215620055005274, 0.5228925214996707], "spread": [0.005099999999999993, 0.007349999999999968, 0.002234999999999987, 0.0009349999999999636, 0.002485000000000015, 0.0003549999999999942, 0.0003049999999999997]}, "bench_linalg.LinalgNorm.time_norm": {"params": ["'int16'", "'float16'", "'int32'", "'float32'", "'int64'", "'float64'", "'complex64'", "'complex128'"], "mean": [0.0018286130833378897, 0.004284009833099844, 0.0018080749999474695, 0.0005459618420756765, 0.0018916299166752044, 0.001114634100031253, 0.0022011903998645724, 0.0038844698334893715],